--------------------------------------------------------
--  File created - Friday-May-16-2025   
--------------------------------------------------------
--------------------------------------------------------
--  DDL for Type EMPNO_TABLE
--------------------------------------------------------

  CREATE OR REPLACE NONEDITIONABLE TYPE "SIVAACADEMY"."EMPNO_TABLE" is table of number;

/
--------------------------------------------------------
--  DDL for Type MY_NESTED_TABLE
--------------------------------------------------------

  CREATE OR REPLACE NONEDITIONABLE TYPE "SIVAACADEMY"."MY_NESTED_TABLE" is table of varchar2(10);

/
--------------------------------------------------------
--  DDL for Sequence DEPARTMENTS_SEQ
--------------------------------------------------------

   CREATE SEQUENCE  "SIVAACADEMY"."DEPARTMENTS_SEQ"  MINVALUE 1 MAXVALUE 9990 INCREMENT BY 10 START WITH 280 NOCACHE  NOORDER  NOCYCLE  NOKEEP  NOSCALE  GLOBAL ;
--------------------------------------------------------
--  DDL for Sequence EMPLOYEES_SEQ
--------------------------------------------------------

   CREATE SEQUENCE  "SIVAACADEMY"."EMPLOYEES_SEQ"  MINVALUE 1 MAXVALUE 9999999999999999999999999999 INCREMENT BY 1 START WITH 207 NOCACHE  NOORDER  NOCYCLE  NOKEEP  NOSCALE  GLOBAL ;
--------------------------------------------------------
--  DDL for Sequence LOCATIONS_SEQ
--------------------------------------------------------

   CREATE SEQUENCE  "SIVAACADEMY"."LOCATIONS_SEQ"  MINVALUE 1 MAXVALUE 9900 INCREMENT BY 100 START WITH 3300 NOCACHE  NOORDER  NOCYCLE  NOKEEP  NOSCALE  GLOBAL ;
--------------------------------------------------------
--  DDL for Sequence LOG_SEQ
--------------------------------------------------------

   CREATE SEQUENCE  "SIVAACADEMY"."LOG_SEQ"  MINVALUE 1 MAXVALUE 9999999999999999999999999999 INCREMENT BY 1 START WITH 41 CACHE 20 NOORDER  NOCYCLE  NOKEEP  NOSCALE  GLOBAL ;
--------------------------------------------------------
--  DDL for Sequence SEQ_EMP_DETAILS_ID
--------------------------------------------------------

   CREATE SEQUENCE  "SIVAACADEMY"."SEQ_EMP_DETAILS_ID"  MINVALUE 1 MAXVALUE 9999999999999999999999999999 INCREMENT BY 1 START WITH 13 NOCACHE  NOORDER  NOCYCLE  NOKEEP  NOSCALE  GLOBAL ;
--------------------------------------------------------
--  DDL for Table COUNTRIES
--------------------------------------------------------

  CREATE TABLE "SIVAACADEMY"."COUNTRIES" 
   (	"COUNTRY_ID" CHAR(2 BYTE), 
	"COUNTRY_NAME" VARCHAR2(40 BYTE), 
	"REGION_ID" NUMBER, 
	 CONSTRAINT "COUNTRY_C_ID_PK" PRIMARY KEY ("COUNTRY_ID") ENABLE
   ) SEGMENT CREATION IMMEDIATE 
  ORGANIZATION INDEX NOCOMPRESS PCTFREE 10 INITRANS 2 MAXTRANS 255 LOGGING
  STORAGE(INITIAL 65536 NEXT 1048576 MINEXTENTS 1 MAXEXTENTS 2147483645
  PCTINCREASE 0 FREELISTS 1 FREELIST GROUPS 1
  BUFFER_POOL DEFAULT FLASH_CACHE DEFAULT CELL_FLASH_CACHE DEFAULT)
  TABLESPACE "SIVATB" 
 PCTTHRESHOLD 50;

   COMMENT ON COLUMN "SIVAACADEMY"."COUNTRIES"."COUNTRY_ID" IS 'Primary key of countries table.';
   COMMENT ON COLUMN "SIVAACADEMY"."COUNTRIES"."COUNTRY_NAME" IS 'Country name';
   COMMENT ON COLUMN "SIVAACADEMY"."COUNTRIES"."REGION_ID" IS 'Region ID for the country. Foreign key to region_id column in the departments table.';
   COMMENT ON TABLE "SIVAACADEMY"."COUNTRIES"  IS 'country table. Contains 25 rows. References with locations table.';
--------------------------------------------------------
--  DDL for Table CUSTOMER
--------------------------------------------------------

  CREATE TABLE "SIVAACADEMY"."CUSTOMER" 
   (	"CUST_ID" NUMBER, 
	"CUST_NAME" VARCHAR2(100 BYTE)
   ) SEGMENT CREATION IMMEDIATE 
  PCTFREE 10 PCTUSED 40 INITRANS 1 MAXTRANS 255 
 NOCOMPRESS LOGGING
  STORAGE(INITIAL 65536 NEXT 1048576 MINEXTENTS 1 MAXEXTENTS 2147483645
  PCTINCREASE 0 FREELISTS 1 FREELIST GROUPS 1
  BUFFER_POOL DEFAULT FLASH_CACHE DEFAULT CELL_FLASH_CACHE DEFAULT)
  TABLESPACE "SIVATB" ;
--------------------------------------------------------
--  DDL for Table DEPARTMENTS
--------------------------------------------------------

  CREATE TABLE "SIVAACADEMY"."DEPARTMENTS" 
   (	"DEPARTMENT_ID" NUMBER(4,0), 
	"DEPARTMENT_NAME" VARCHAR2(30 BYTE), 
	"MANAGER_ID" NUMBER(6,0), 
	"LOCATION_ID" NUMBER(4,0)
   ) SEGMENT CREATION IMMEDIATE 
  PCTFREE 10 PCTUSED 40 INITRANS 1 MAXTRANS 255 
 NOCOMPRESS LOGGING
  STORAGE(INITIAL 65536 NEXT 1048576 MINEXTENTS 1 MAXEXTENTS 2147483645
  PCTINCREASE 0 FREELISTS 1 FREELIST GROUPS 1
  BUFFER_POOL DEFAULT FLASH_CACHE DEFAULT CELL_FLASH_CACHE DEFAULT)
  TABLESPACE "SIVATB" ;

   COMMENT ON COLUMN "SIVAACADEMY"."DEPARTMENTS"."DEPARTMENT_ID" IS 'Primary key column of departments table.';
   COMMENT ON COLUMN "SIVAACADEMY"."DEPARTMENTS"."DEPARTMENT_NAME" IS 'A not null column that shows name of a department. Administration,
         Marketing, Purchasing, Human Resources, Shipping, IT, Executive, Public
         Relations, Sales, Finance, and Accounting. ';
   COMMENT ON COLUMN "SIVAACADEMY"."DEPARTMENTS"."MANAGER_ID" IS 'Manager_id of a department. Foreign key to employee_id column of employees table. The manager_id column of the employee table references this column.';
   COMMENT ON COLUMN "SIVAACADEMY"."DEPARTMENTS"."LOCATION_ID" IS 'Location id where a department is located. Foreign key to location_id column of locations table.';
   COMMENT ON TABLE "SIVAACADEMY"."DEPARTMENTS"  IS 'Departments table that shows details of departments where employees
         work. Contains 27 rows; references with locations, employees, and job_history tables.';
--------------------------------------------------------
--  DDL for Table DEPT
--------------------------------------------------------

  CREATE TABLE "SIVAACADEMY"."DEPT" 
   (	"DEPTNO" NUMBER(2,0), 
	"DNAME" VARCHAR2(14 BYTE), 
	"LOC" VARCHAR2(13 BYTE)
   ) SEGMENT CREATION IMMEDIATE 
  PCTFREE 10 PCTUSED 40 INITRANS 1 MAXTRANS 255 
 NOCOMPRESS LOGGING
  STORAGE(INITIAL 65536 NEXT 1048576 MINEXTENTS 1 MAXEXTENTS 2147483645
  PCTINCREASE 0 FREELISTS 1 FREELIST GROUPS 1
  BUFFER_POOL DEFAULT FLASH_CACHE DEFAULT CELL_FLASH_CACHE DEFAULT)
  TABLESPACE "SIVATB" ;
--------------------------------------------------------
--  DDL for Table EMP
--------------------------------------------------------

  CREATE TABLE "SIVAACADEMY"."EMP" 
   (	"EMPNO" NUMBER(4,0), 
	"ENAME" VARCHAR2(10 BYTE), 
	"JOB" VARCHAR2(9 BYTE), 
	"MGR" NUMBER(4,0), 
	"HIREDATE" DATE, 
	"SAL" NUMBER(7,2), 
	"COMM" NUMBER(7,2), 
	"DEPTNO" NUMBER(2,0)
   ) SEGMENT CREATION IMMEDIATE 
  PCTFREE 10 PCTUSED 40 INITRANS 1 MAXTRANS 255 
 NOCOMPRESS LOGGING
  STORAGE(INITIAL 65536 NEXT 1048576 MINEXTENTS 1 MAXEXTENTS 2147483645
  PCTINCREASE 0 FREELISTS 1 FREELIST GROUPS 1
  BUFFER_POOL DEFAULT FLASH_CACHE DEFAULT CELL_FLASH_CACHE DEFAULT)
  TABLESPACE "SIVATB" ;
--------------------------------------------------------
--  DDL for Table EMP1
--------------------------------------------------------

  CREATE TABLE "SIVAACADEMY"."EMP1" 
   (	"EMPLOYEE_ID" NUMBER(6,0), 
	"FIRST_NAME" VARCHAR2(20 BYTE), 
	"LAST_NAME" VARCHAR2(25 BYTE), 
	"EMAIL" VARCHAR2(50 BYTE), 
	"PHONE_NUMBER" VARCHAR2(20 BYTE), 
	"HIRE_DATE" DATE, 
	"JOB_ID" VARCHAR2(10 BYTE), 
	"SALARY" NUMBER(8,2), 
	"COMMISSION_PCT" NUMBER(2,2), 
	"MANAGER_ID" NUMBER(6,0), 
	"DEPARTMENT_ID" NUMBER(4,0), 
	"CREATED_DATE" TIMESTAMP (6), 
	"UPDATED_DATE" TIMESTAMP (6)
   ) SEGMENT CREATION DEFERRED 
  PCTFREE 10 PCTUSED 40 INITRANS 1 MAXTRANS 255 
 NOCOMPRESS LOGGING
  TABLESPACE "SIVATB" ;
--------------------------------------------------------
--  DDL for Table EMPLOYEES
--------------------------------------------------------

  CREATE TABLE "SIVAACADEMY"."EMPLOYEES" 
   (	"EMPLOYEE_ID" NUMBER(6,0), 
	"FIRST_NAME" VARCHAR2(20 BYTE), 
	"LAST_NAME" VARCHAR2(25 BYTE), 
	"EMAIL" VARCHAR2(50 BYTE), 
	"PHONE_NUMBER" VARCHAR2(20 BYTE), 
	"HIRE_DATE" DATE, 
	"JOB_ID" VARCHAR2(10 BYTE), 
	"SALARY" NUMBER(8,2), 
	"COMMISSION_PCT" NUMBER(2,2), 
	"MANAGER_ID" NUMBER(6,0), 
	"DEPARTMENT_ID" NUMBER(4,0), 
	"CREATED_DATE" TIMESTAMP (6) DEFAULT SYSTIMESTAMP, 
	"UPDATED_DATE" TIMESTAMP (6)
   ) SEGMENT CREATION IMMEDIATE 
  PCTFREE 10 PCTUSED 40 INITRANS 1 MAXTRANS 255 
 NOCOMPRESS LOGGING
  STORAGE(INITIAL 65536 NEXT 1048576 MINEXTENTS 1 MAXEXTENTS 2147483645
  PCTINCREASE 0 FREELISTS 1 FREELIST GROUPS 1
  BUFFER_POOL DEFAULT FLASH_CACHE DEFAULT CELL_FLASH_CACHE DEFAULT)
  TABLESPACE "SIVATB" ;

   COMMENT ON COLUMN "SIVAACADEMY"."EMPLOYEES"."EMPLOYEE_ID" IS 'Primary key of employees table.';
   COMMENT ON COLUMN "SIVAACADEMY"."EMPLOYEES"."FIRST_NAME" IS 'First name of the employee. A not null column.';
   COMMENT ON COLUMN "SIVAACADEMY"."EMPLOYEES"."LAST_NAME" IS 'Last name of the employee. A not null column.';
   COMMENT ON COLUMN "SIVAACADEMY"."EMPLOYEES"."EMAIL" IS 'Email id of the employee';
   COMMENT ON COLUMN "SIVAACADEMY"."EMPLOYEES"."PHONE_NUMBER" IS 'Phone number of the employee; includes country code and area code';
   COMMENT ON COLUMN "SIVAACADEMY"."EMPLOYEES"."HIRE_DATE" IS 'Date when the employee started on this job. A not null column.';
   COMMENT ON COLUMN "SIVAACADEMY"."EMPLOYEES"."JOB_ID" IS 'Current job of the employee; foreign key to job_id column of the
         jobs table. A not null column.';
   COMMENT ON COLUMN "SIVAACADEMY"."EMPLOYEES"."SALARY" IS 'Monthly salary of the employee. Must be greater
         than zero (enforced by constraint emp_salary_min)';
   COMMENT ON COLUMN "SIVAACADEMY"."EMPLOYEES"."COMMISSION_PCT" IS 'Commission percentage of the employee; Only employees in sales
         department elgible for commission percentage';
   COMMENT ON COLUMN "SIVAACADEMY"."EMPLOYEES"."MANAGER_ID" IS 'Manager id of the employee; has same domain as manager_id in
         departments table. Foreign key to employee_id column of employees table.
         (useful for reflexive joins and CONNECT BY query)';
   COMMENT ON COLUMN "SIVAACADEMY"."EMPLOYEES"."DEPARTMENT_ID" IS 'Department id where employee works; foreign key to department_id
         column of the departments table';
   COMMENT ON TABLE "SIVAACADEMY"."EMPLOYEES"  IS 'employees table. Contains 107 rows. References with departments,
         jobs, job_history tables. Contains a self reference.';
--------------------------------------------------------
--  DDL for Table EMPLOYEES_BKP
--------------------------------------------------------

  CREATE TABLE "SIVAACADEMY"."EMPLOYEES_BKP" 
   (	"EMPLOYEE_ID" NUMBER(6,0), 
	"FIRST_NAME" VARCHAR2(20 BYTE), 
	"LAST_NAME" VARCHAR2(25 BYTE), 
	"EMAIL" VARCHAR2(50 BYTE), 
	"PHONE_NUMBER" VARCHAR2(20 BYTE), 
	"HIRE_DATE" DATE, 
	"JOB_ID" VARCHAR2(10 BYTE), 
	"SALARY" NUMBER(8,2), 
	"COMMISSION_PCT" NUMBER(2,2), 
	"MANAGER_ID" NUMBER(6,0), 
	"DEPARTMENT_ID" NUMBER(4,0), 
	"CREATED_DATE" TIMESTAMP (6) DEFAULT SYSTIMESTAMP, 
	"UPDATED_DATE" TIMESTAMP (6)
   ) SEGMENT CREATION IMMEDIATE 
  PCTFREE 10 PCTUSED 40 INITRANS 1 MAXTRANS 255 
 NOCOMPRESS LOGGING
  STORAGE(INITIAL 65536 NEXT 1048576 MINEXTENTS 1 MAXEXTENTS 2147483645
  PCTINCREASE 0 FREELISTS 1 FREELIST GROUPS 1
  BUFFER_POOL DEFAULT FLASH_CACHE DEFAULT CELL_FLASH_CACHE DEFAULT)
  TABLESPACE "SIVATB" ;
--------------------------------------------------------
--  DDL for Table EMPLOYEES_EXT
--------------------------------------------------------

  CREATE TABLE "SIVAACADEMY"."EMPLOYEES_EXT" 
   (	"EMP_ID" NUMBER, 
	"FIRST_NAME" VARCHAR2(255 BYTE), 
	"JOB_ID" VARCHAR2(255 BYTE)
   ) 
   ORGANIZATION EXTERNAL 
    ( TYPE ORACLE_LOADER
      DEFAULT DIRECTORY "EXT_DIR"
      ACCESS PARAMETERS
      ( RECORDS DELIMITED BY NEWLINE
        FIELDS TERMINATED BY ',' OPTIONALLY ENCLOSED BY '"'
        (
            emp_id,
            first_name,
             job_id           
        )
    )
      LOCATION
       ( 'employees_data1.csv'
       )
    )
   REJECT LIMIT 0 ;
--------------------------------------------------------
--  DDL for Table EMP_BKP
--------------------------------------------------------

  CREATE TABLE "SIVAACADEMY"."EMP_BKP" 
   (	"EMPNO" NUMBER(4,0), 
	"ENAME" VARCHAR2(10 BYTE), 
	"JOB" VARCHAR2(9 BYTE), 
	"MGR" NUMBER(4,0), 
	"HIREDATE" DATE, 
	"SAL" NUMBER(7,2), 
	"COMM" NUMBER(7,2), 
	"DEPTNO" NUMBER(2,0)
   ) SEGMENT CREATION IMMEDIATE 
  PCTFREE 10 PCTUSED 40 INITRANS 1 MAXTRANS 255 
 NOCOMPRESS LOGGING
  STORAGE(INITIAL 65536 NEXT 1048576 MINEXTENTS 1 MAXEXTENTS 2147483645
  PCTINCREASE 0 FREELISTS 1 FREELIST GROUPS 1
  BUFFER_POOL DEFAULT FLASH_CACHE DEFAULT CELL_FLASH_CACHE DEFAULT)
  TABLESPACE "SIVATB" ;
--------------------------------------------------------
--  DDL for Table EMP_CARD
--------------------------------------------------------

  CREATE TABLE "SIVAACADEMY"."EMP_CARD" 
   (	"EMPID" NUMBER, 
	"PROJECT" VARCHAR2(10 BYTE), 
	"SALARY" NUMBER, 
	"VARIABLE" NUMBER
   ) SEGMENT CREATION IMMEDIATE 
  PCTFREE 10 PCTUSED 40 INITRANS 1 MAXTRANS 255 
 NOCOMPRESS LOGGING
  STORAGE(INITIAL 65536 NEXT 1048576 MINEXTENTS 1 MAXEXTENTS 2147483645
  PCTINCREASE 0 FREELISTS 1 FREELIST GROUPS 1
  BUFFER_POOL DEFAULT FLASH_CACHE DEFAULT CELL_FLASH_CACHE DEFAULT)
  TABLESPACE "SIVATB" ;
--------------------------------------------------------
--  DDL for Table EMP_DETAILS
--------------------------------------------------------

  CREATE TABLE "SIVAACADEMY"."EMP_DETAILS" 
   (	"ID" NUMBER, 
	"NAME" VARCHAR2(20 BYTE)
   ) SEGMENT CREATION IMMEDIATE 
  PCTFREE 10 PCTUSED 40 INITRANS 1 MAXTRANS 255 
 NOCOMPRESS LOGGING
  STORAGE(INITIAL 65536 NEXT 1048576 MINEXTENTS 1 MAXEXTENTS 2147483645
  PCTINCREASE 0 FREELISTS 1 FREELIST GROUPS 1
  BUFFER_POOL DEFAULT FLASH_CACHE DEFAULT CELL_FLASH_CACHE DEFAULT)
  TABLESPACE "SIVATB" ;
--------------------------------------------------------
--  DDL for Table EMP_DUP
--------------------------------------------------------

  CREATE TABLE "SIVAACADEMY"."EMP_DUP" 
   (	"EMPNO" NUMBER, 
	"ENAME" VARCHAR2(50 BYTE), 
	"JOB" VARCHAR2(50 BYTE), 
	"MGR" NUMBER, 
	"HIREDATE" DATE, 
	"SAL" NUMBER, 
	"COMM" NUMBER, 
	"DEPTNO" NUMBER
   ) SEGMENT CREATION IMMEDIATE 
  PCTFREE 10 PCTUSED 40 INITRANS 1 MAXTRANS 255 
 NOCOMPRESS LOGGING
  STORAGE(INITIAL 65536 NEXT 1048576 MINEXTENTS 1 MAXEXTENTS 2147483645
  PCTINCREASE 0 FREELISTS 1 FREELIST GROUPS 1
  BUFFER_POOL DEFAULT FLASH_CACHE DEFAULT CELL_FLASH_CACHE DEFAULT)
  TABLESPACE "SIVATB" ;
--------------------------------------------------------
--  DDL for Table EMP_GEN
--------------------------------------------------------

  CREATE TABLE "SIVAACADEMY"."EMP_GEN" 
   (	"EMP_ID" NUMBER, 
	"EMP_NAME" VARCHAR2(50 BYTE)
   ) SEGMENT CREATION IMMEDIATE 
  PCTFREE 10 PCTUSED 40 INITRANS 1 MAXTRANS 255 
 NOCOMPRESS LOGGING
  STORAGE(INITIAL 65536 NEXT 1048576 MINEXTENTS 1 MAXEXTENTS 2147483645
  PCTINCREASE 0 FREELISTS 1 FREELIST GROUPS 1
  BUFFER_POOL DEFAULT FLASH_CACHE DEFAULT CELL_FLASH_CACHE DEFAULT)
  TABLESPACE "SIVATB" ;
--------------------------------------------------------
--  DDL for Table EMP_NIT
--------------------------------------------------------

  CREATE TABLE "SIVAACADEMY"."EMP_NIT" 
   (	"EMPNO" NUMBER(4,0), 
	"ENAME" VARCHAR2(10 BYTE), 
	"JOB" VARCHAR2(9 BYTE), 
	"SAL" NUMBER(7,2), 
	"DEPTNO" NUMBER(2,0)
   ) SEGMENT CREATION IMMEDIATE 
  PCTFREE 10 PCTUSED 40 INITRANS 1 MAXTRANS 255 
 NOCOMPRESS LOGGING
  STORAGE(INITIAL 65536 NEXT 1048576 MINEXTENTS 1 MAXEXTENTS 2147483645
  PCTINCREASE 0 FREELISTS 1 FREELIST GROUPS 1
  BUFFER_POOL DEFAULT FLASH_CACHE DEFAULT CELL_FLASH_CACHE DEFAULT)
  TABLESPACE "SIVATB" ;
--------------------------------------------------------
--  DDL for Table EMP_SAL_LOG
--------------------------------------------------------

  CREATE TABLE "SIVAACADEMY"."EMP_SAL_LOG" 
   (	"EMPNO" NUMBER, 
	"UPDATE_LOG" VARCHAR2(1000 BYTE)
   ) SEGMENT CREATION IMMEDIATE 
  PCTFREE 10 PCTUSED 40 INITRANS 1 MAXTRANS 255 
 NOCOMPRESS LOGGING
  STORAGE(INITIAL 65536 NEXT 1048576 MINEXTENTS 1 MAXEXTENTS 2147483645
  PCTINCREASE 0 FREELISTS 1 FREELIST GROUPS 1
  BUFFER_POOL DEFAULT FLASH_CACHE DEFAULT CELL_FLASH_CACHE DEFAULT)
  TABLESPACE "SIVATB" ;
--------------------------------------------------------
--  DDL for Table ERROR_LOG
--------------------------------------------------------

  CREATE TABLE "SIVAACADEMY"."ERROR_LOG" 
   (	"LOG_ID" NUMBER GENERATED BY DEFAULT AS IDENTITY MINVALUE 1 MAXVALUE 9999999999999999999999999999 INCREMENT BY 1 START WITH 1 CACHE 20 NOORDER  NOCYCLE  NOKEEP  NOSCALE , 
	"LOG_DATE" TIMESTAMP (6) DEFAULT CURRENT_TIMESTAMP, 
	"ERROR_MESSAGE" VARCHAR2(4000 BYTE)
   ) SEGMENT CREATION IMMEDIATE 
  PCTFREE 10 PCTUSED 40 INITRANS 1 MAXTRANS 255 
 NOCOMPRESS LOGGING
  STORAGE(INITIAL 65536 NEXT 1048576 MINEXTENTS 1 MAXEXTENTS 2147483645
  PCTINCREASE 0 FREELISTS 1 FREELIST GROUPS 1
  BUFFER_POOL DEFAULT FLASH_CACHE DEFAULT CELL_FLASH_CACHE DEFAULT)
  TABLESPACE "SIVATB" ;
--------------------------------------------------------
--  DDL for Table GTT_EMPNOS
--------------------------------------------------------

  CREATE GLOBAL TEMPORARY TABLE "SIVAACADEMY"."GTT_EMPNOS" 
   (	"EMPNO" NUMBER
   ) ON COMMIT DELETE ROWS ;
--------------------------------------------------------
--  DDL for Table IPL_TEAMS
--------------------------------------------------------

  CREATE TABLE "SIVAACADEMY"."IPL_TEAMS" 
   (	"TEAM1" VARCHAR2(50 BYTE), 
	"TEAM2" VARCHAR2(50 BYTE), 
	"WINNER" VARCHAR2(50 BYTE)
   ) SEGMENT CREATION IMMEDIATE 
  PCTFREE 10 PCTUSED 40 INITRANS 1 MAXTRANS 255 
 NOCOMPRESS LOGGING
  STORAGE(INITIAL 65536 NEXT 1048576 MINEXTENTS 1 MAXEXTENTS 2147483645
  PCTINCREASE 0 FREELISTS 1 FREELIST GROUPS 1
  BUFFER_POOL DEFAULT FLASH_CACHE DEFAULT CELL_FLASH_CACHE DEFAULT)
  TABLESPACE "SIVATB" ;
--------------------------------------------------------
--  DDL for Table ITEM
--------------------------------------------------------

  CREATE TABLE "SIVAACADEMY"."ITEM" 
   (	"ID" NUMBER, 
	"ITEM_NAME" VARCHAR2(50 BYTE), 
	"TOTAL_COUNT" NUMBER
   ) SEGMENT CREATION IMMEDIATE 
  PCTFREE 10 PCTUSED 40 INITRANS 1 MAXTRANS 255 
 NOCOMPRESS LOGGING
  STORAGE(INITIAL 65536 NEXT 1048576 MINEXTENTS 1 MAXEXTENTS 2147483645
  PCTINCREASE 0 FREELISTS 1 FREELIST GROUPS 1
  BUFFER_POOL DEFAULT FLASH_CACHE DEFAULT CELL_FLASH_CACHE DEFAULT)
  TABLESPACE "SIVATB" ;
--------------------------------------------------------
--  DDL for Table JOBS
--------------------------------------------------------

  CREATE TABLE "SIVAACADEMY"."JOBS" 
   (	"JOB_ID" VARCHAR2(10 BYTE), 
	"JOB_TITLE" VARCHAR2(35 BYTE), 
	"MIN_SALARY" NUMBER(6,0), 
	"MAX_SALARY" NUMBER(6,0)
   ) SEGMENT CREATION IMMEDIATE 
  PCTFREE 10 PCTUSED 40 INITRANS 1 MAXTRANS 255 
 NOCOMPRESS LOGGING
  STORAGE(INITIAL 65536 NEXT 1048576 MINEXTENTS 1 MAXEXTENTS 2147483645
  PCTINCREASE 0 FREELISTS 1 FREELIST GROUPS 1
  BUFFER_POOL DEFAULT FLASH_CACHE DEFAULT CELL_FLASH_CACHE DEFAULT)
  TABLESPACE "SIVATB" ;

   COMMENT ON COLUMN "SIVAACADEMY"."JOBS"."JOB_ID" IS 'Primary key of jobs table.';
   COMMENT ON COLUMN "SIVAACADEMY"."JOBS"."JOB_TITLE" IS 'A not null column that shows job title, e.g. AD_VP, FI_ACCOUNTANT';
   COMMENT ON COLUMN "SIVAACADEMY"."JOBS"."MIN_SALARY" IS 'Minimum salary for a job title.';
   COMMENT ON COLUMN "SIVAACADEMY"."JOBS"."MAX_SALARY" IS 'Maximum salary for a job title';
   COMMENT ON TABLE "SIVAACADEMY"."JOBS"  IS 'jobs table with job titles and salary ranges. Contains 19 rows.
         References with employees and job_history table.';
--------------------------------------------------------
--  DDL for Table JOB_HISTORY
--------------------------------------------------------

  CREATE TABLE "SIVAACADEMY"."JOB_HISTORY" 
   (	"EMPLOYEE_ID" NUMBER(6,0), 
	"START_DATE" DATE, 
	"END_DATE" DATE, 
	"JOB_ID" VARCHAR2(10 BYTE), 
	"DEPARTMENT_ID" NUMBER(4,0)
   ) SEGMENT CREATION IMMEDIATE 
  PCTFREE 10 PCTUSED 40 INITRANS 1 MAXTRANS 255 
 NOCOMPRESS LOGGING
  STORAGE(INITIAL 65536 NEXT 1048576 MINEXTENTS 1 MAXEXTENTS 2147483645
  PCTINCREASE 0 FREELISTS 1 FREELIST GROUPS 1
  BUFFER_POOL DEFAULT FLASH_CACHE DEFAULT CELL_FLASH_CACHE DEFAULT)
  TABLESPACE "SIVATB" ;

   COMMENT ON COLUMN "SIVAACADEMY"."JOB_HISTORY"."EMPLOYEE_ID" IS 'A not null column in the complex primary key employee_id+start_date.
         Foreign key to employee_id column of the employee table';
   COMMENT ON COLUMN "SIVAACADEMY"."JOB_HISTORY"."START_DATE" IS 'A not null column in the complex primary key employee_id+start_date.
         Must be less than the end_date of the job_history table. (enforced by
         constraint jhist_date_interval)';
   COMMENT ON COLUMN "SIVAACADEMY"."JOB_HISTORY"."END_DATE" IS 'Last day of the employee in this job role. A not null column. Must be
         greater than the start_date of the job_history table.
         (enforced by constraint jhist_date_interval)';
   COMMENT ON COLUMN "SIVAACADEMY"."JOB_HISTORY"."JOB_ID" IS 'Job role in which the employee worked in the past; foreign key to
         job_id column in the jobs table. A not null column.';
   COMMENT ON COLUMN "SIVAACADEMY"."JOB_HISTORY"."DEPARTMENT_ID" IS 'Department id in which the employee worked in the past; foreign key to deparment_id column in the departments table';
   COMMENT ON TABLE "SIVAACADEMY"."JOB_HISTORY"  IS 'Table that stores job history of the employees. If an employee
         changes departments within the job or changes jobs within the department,
         new rows get inserted into this table with old job information of the
         employee. Contains a complex primary key: employee_id+start_date.
         Contains 25 rows. References with jobs, employees, and departments tables.';
--------------------------------------------------------
--  DDL for Table LOCATIONS
--------------------------------------------------------

  CREATE TABLE "SIVAACADEMY"."LOCATIONS" 
   (	"LOCATION_ID" NUMBER(4,0), 
	"STREET_ADDRESS" VARCHAR2(40 BYTE), 
	"POSTAL_CODE" VARCHAR2(12 BYTE), 
	"CITY" VARCHAR2(30 BYTE), 
	"STATE_PROVINCE" VARCHAR2(25 BYTE), 
	"COUNTRY_ID" CHAR(2 BYTE)
   ) SEGMENT CREATION IMMEDIATE 
  PCTFREE 10 PCTUSED 40 INITRANS 1 MAXTRANS 255 
 NOCOMPRESS LOGGING
  STORAGE(INITIAL 65536 NEXT 1048576 MINEXTENTS 1 MAXEXTENTS 2147483645
  PCTINCREASE 0 FREELISTS 1 FREELIST GROUPS 1
  BUFFER_POOL DEFAULT FLASH_CACHE DEFAULT CELL_FLASH_CACHE DEFAULT)
  TABLESPACE "SIVATB" ;

   COMMENT ON COLUMN "SIVAACADEMY"."LOCATIONS"."LOCATION_ID" IS 'Primary key of locations table';
   COMMENT ON COLUMN "SIVAACADEMY"."LOCATIONS"."STREET_ADDRESS" IS 'Street address of an office, warehouse, or production site of a company.
         Contains building number and street name';
   COMMENT ON COLUMN "SIVAACADEMY"."LOCATIONS"."POSTAL_CODE" IS 'Postal code of the location of an office, warehouse, or production site
         of a company. ';
   COMMENT ON COLUMN "SIVAACADEMY"."LOCATIONS"."CITY" IS 'A not null column that shows city where an office, warehouse, or
         production site of a company is located. ';
   COMMENT ON COLUMN "SIVAACADEMY"."LOCATIONS"."STATE_PROVINCE" IS 'State or Province where an office, warehouse, or production site of a
         company is located.';
   COMMENT ON COLUMN "SIVAACADEMY"."LOCATIONS"."COUNTRY_ID" IS 'Country where an office, warehouse, or production site of a company is
         located. Foreign key to country_id column of the countries table.';
   COMMENT ON TABLE "SIVAACADEMY"."LOCATIONS"  IS 'Locations table that contains specific address of a specific office,
         warehouse, and/or production site of a company. Does not store addresses /
         locations of customers. Contains 23 rows; references with the
         departments and countries tables. ';
--------------------------------------------------------
--  DDL for Table MY_TUT52
--------------------------------------------------------

  CREATE TABLE "SIVAACADEMY"."MY_TUT52" 
   (	"SUB_ID" NUMBER, 
	"SUB_NAME" VARCHAR2(20 BYTE), 
	"SUB_SCHEDULE_DAY" "SIVAACADEMY"."MY_NESTED_TABLE" 
   ) SEGMENT CREATION IMMEDIATE 
  PCTFREE 10 PCTUSED 40 INITRANS 1 MAXTRANS 255 
 NOCOMPRESS LOGGING
  STORAGE(INITIAL 65536 NEXT 1048576 MINEXTENTS 1 MAXEXTENTS 2147483645
  PCTINCREASE 0 FREELISTS 1 FREELIST GROUPS 1
  BUFFER_POOL DEFAULT FLASH_CACHE DEFAULT CELL_FLASH_CACHE DEFAULT)
  TABLESPACE "SIVATB" 
 NESTED TABLE "SUB_SCHEDULE_DAY" STORE AS "SUB_SCHEDULE_DAY_TAB"
 (PCTFREE 10 PCTUSED 40 INITRANS 1 MAXTRANS 255 LOGGING
  STORAGE(INITIAL 65536 NEXT 1048576 MINEXTENTS 1 MAXEXTENTS 2147483645
  PCTINCREASE 0 FREELISTS 1 FREELIST GROUPS 1
  BUFFER_POOL DEFAULT FLASH_CACHE DEFAULT CELL_FLASH_CACHE DEFAULT)
 NOCOMPRESS 
  TABLESPACE "SIVATB" ) RETURN AS VALUE;
--------------------------------------------------------
--  DDL for Table ORDERS
--------------------------------------------------------

  CREATE TABLE "SIVAACADEMY"."ORDERS" 
   (	"O_ID" NUMBER, 
	"CUST_ID" NUMBER, 
	"PRICE" NUMBER, 
	"CUMM_PRICE" NUMBER, 
	"INC_PRICE" NUMBER, 
	"VISIT_DT" DATE, 
	"ORDER_DATE" DATE
   ) SEGMENT CREATION IMMEDIATE 
  PCTFREE 10 PCTUSED 40 INITRANS 1 MAXTRANS 255 
 NOCOMPRESS LOGGING
  STORAGE(INITIAL 65536 NEXT 1048576 MINEXTENTS 1 MAXEXTENTS 2147483645
  PCTINCREASE 0 FREELISTS 1 FREELIST GROUPS 1
  BUFFER_POOL DEFAULT FLASH_CACHE DEFAULT CELL_FLASH_CACHE DEFAULT)
  TABLESPACE "SIVATB" ;
--------------------------------------------------------
--  DDL for Table OTP_DETAILS
--------------------------------------------------------

  CREATE TABLE "SIVAACADEMY"."OTP_DETAILS" 
   (	"EMAIL" VARCHAR2(50 BYTE), 
	"OTP" NUMBER, 
	"OTP_GEN_TIME" TIMESTAMP (6), 
	"OTP_EXP_TIME" TIMESTAMP (6)
   ) SEGMENT CREATION IMMEDIATE 
  PCTFREE 10 PCTUSED 40 INITRANS 1 MAXTRANS 255 
 NOCOMPRESS LOGGING
  STORAGE(INITIAL 65536 NEXT 1048576 MINEXTENTS 1 MAXEXTENTS 2147483645
  PCTINCREASE 0 FREELISTS 1 FREELIST GROUPS 1
  BUFFER_POOL DEFAULT FLASH_CACHE DEFAULT CELL_FLASH_CACHE DEFAULT)
  TABLESPACE "SIVATB" ;
--------------------------------------------------------
--  DDL for Table REGEXP_TAB
--------------------------------------------------------

  CREATE TABLE "SIVAACADEMY"."REGEXP_TAB" 
   (	"ID" NUMBER, 
	"ONLY_DIGITS" VARCHAR2(50 BYTE), 
	"ONLY_LETTERS" VARCHAR2(50 BYTE), 
	"ONLY_SYMBOLS" VARCHAR2(50 BYTE), 
	"ALPHANUM_MIXED" VARCHAR2(50 BYTE), 
	"EMAIL_LIKE" VARCHAR2(50 BYTE), 
	"DOMAIN_DATA" VARCHAR2(50 BYTE), 
	"PHONE_NUMBER" VARCHAR2(50 BYTE), 
	"SPECIAL_CASE" VARCHAR2(50 BYTE), 
	"JUNK_DATA" VARCHAR2(50 BYTE)
   ) SEGMENT CREATION IMMEDIATE 
  PCTFREE 10 PCTUSED 40 INITRANS 1 MAXTRANS 255 
 NOCOMPRESS LOGGING
  STORAGE(INITIAL 65536 NEXT 1048576 MINEXTENTS 1 MAXEXTENTS 2147483645
  PCTINCREASE 0 FREELISTS 1 FREELIST GROUPS 1
  BUFFER_POOL DEFAULT FLASH_CACHE DEFAULT CELL_FLASH_CACHE DEFAULT)
  TABLESPACE "SIVATB" ;
--------------------------------------------------------
--  DDL for Table REGIONS
--------------------------------------------------------

  CREATE TABLE "SIVAACADEMY"."REGIONS" 
   (	"REGION_ID" NUMBER, 
	"REGION_NAME" VARCHAR2(25 BYTE)
   ) SEGMENT CREATION IMMEDIATE 
  PCTFREE 10 PCTUSED 40 INITRANS 1 MAXTRANS 255 
 NOCOMPRESS LOGGING
  STORAGE(INITIAL 65536 NEXT 1048576 MINEXTENTS 1 MAXEXTENTS 2147483645
  PCTINCREASE 0 FREELISTS 1 FREELIST GROUPS 1
  BUFFER_POOL DEFAULT FLASH_CACHE DEFAULT CELL_FLASH_CACHE DEFAULT)
  TABLESPACE "SIVATB" ;

   COMMENT ON COLUMN "SIVAACADEMY"."REGIONS"."REGION_ID" IS 'Primary key of regions table.';
   COMMENT ON COLUMN "SIVAACADEMY"."REGIONS"."REGION_NAME" IS 'Names of regions. Locations are in the countries of these regions.';
   COMMENT ON TABLE "SIVAACADEMY"."REGIONS"  IS 'Regions table that contains region numbers and names. Contains 4 rows; references with the Countries table.';
--------------------------------------------------------
--  DDL for Table SALES_DATA
--------------------------------------------------------

  CREATE TABLE "SIVAACADEMY"."SALES_DATA" 
   (	"REGION_NAME" VARCHAR2(100 BYTE), 
	"SALES_DATE" DATE, 
	"AMOUNT" NUMBER(10,2), 
	"PRODUCT_ID" VARCHAR2(50 BYTE), 
	"SALES_REP" VARCHAR2(100 BYTE), 
	"TRANSACTION_ID" VARCHAR2(50 BYTE), 
	"CREATED_AT" DATE DEFAULT SYSDATE
   ) SEGMENT CREATION IMMEDIATE 
  PCTFREE 10 PCTUSED 40 INITRANS 1 MAXTRANS 255 
 NOCOMPRESS LOGGING
  STORAGE(INITIAL 65536 NEXT 1048576 MINEXTENTS 1 MAXEXTENTS 2147483645
  PCTINCREASE 0 FREELISTS 1 FREELIST GROUPS 1
  BUFFER_POOL DEFAULT FLASH_CACHE DEFAULT CELL_FLASH_CACHE DEFAULT)
  TABLESPACE "SIVATB" ;
--------------------------------------------------------
--  DDL for Table T3
--------------------------------------------------------

  CREATE TABLE "SIVAACADEMY"."T3" 
   (	"EMPNO" NUMBER(4,0), 
	"ENAME" VARCHAR2(10 BYTE), 
	"JOB" VARCHAR2(9 BYTE), 
	"MGR" NUMBER(4,0), 
	"HIREDATE" DATE, 
	"SAL" NUMBER(7,2), 
	"COMM" NUMBER(7,2), 
	"DEPTNO" NUMBER(2,0)
   ) SEGMENT CREATION IMMEDIATE 
  PCTFREE 10 PCTUSED 40 INITRANS 1 MAXTRANS 255 
 NOCOMPRESS LOGGING
  STORAGE(INITIAL 65536 NEXT 1048576 MINEXTENTS 1 MAXEXTENTS 2147483645
  PCTINCREASE 0 FREELISTS 1 FREELIST GROUPS 1
  BUFFER_POOL DEFAULT FLASH_CACHE DEFAULT CELL_FLASH_CACHE DEFAULT)
  TABLESPACE "SIVATB" ;
--------------------------------------------------------
--  DDL for Table TAB_A
--------------------------------------------------------

  CREATE TABLE "SIVAACADEMY"."TAB_A" 
   (	"ID" NUMBER(*,0)
   ) SEGMENT CREATION IMMEDIATE 
  PCTFREE 10 PCTUSED 40 INITRANS 1 MAXTRANS 255 
 NOCOMPRESS LOGGING
  STORAGE(INITIAL 65536 NEXT 1048576 MINEXTENTS 1 MAXEXTENTS 2147483645
  PCTINCREASE 0 FREELISTS 1 FREELIST GROUPS 1
  BUFFER_POOL DEFAULT FLASH_CACHE DEFAULT CELL_FLASH_CACHE DEFAULT)
  TABLESPACE "SIVATB" ;
--------------------------------------------------------
--  DDL for Table TAB_B
--------------------------------------------------------

  CREATE TABLE "SIVAACADEMY"."TAB_B" 
   (	"ID" NUMBER(*,0)
   ) SEGMENT CREATION IMMEDIATE 
  PCTFREE 10 PCTUSED 40 INITRANS 1 MAXTRANS 255 
 NOCOMPRESS LOGGING
  STORAGE(INITIAL 65536 NEXT 1048576 MINEXTENTS 1 MAXEXTENTS 2147483645
  PCTINCREASE 0 FREELISTS 1 FREELIST GROUPS 1
  BUFFER_POOL DEFAULT FLASH_CACHE DEFAULT CELL_FLASH_CACHE DEFAULT)
  TABLESPACE "SIVATB" ;
--------------------------------------------------------
--  DDL for Table USERACCESS
--------------------------------------------------------

  CREATE TABLE "SIVAACADEMY"."USERACCESS" 
   (	"ID" NUMBER(*,0), 
	"NAME" VARCHAR2(50 BYTE), 
	"ACCESS_ROLE" NUMBER(*,0)
   ) SEGMENT CREATION IMMEDIATE 
  PCTFREE 10 PCTUSED 40 INITRANS 1 MAXTRANS 255 
 NOCOMPRESS LOGGING
  STORAGE(INITIAL 65536 NEXT 1048576 MINEXTENTS 1 MAXEXTENTS 2147483645
  PCTINCREASE 0 FREELISTS 1 FREELIST GROUPS 1
  BUFFER_POOL DEFAULT FLASH_CACHE DEFAULT CELL_FLASH_CACHE DEFAULT)
  TABLESPACE "SIVATB" ;
--------------------------------------------------------
--  DDL for View EMP_DETAILS_VIEW
--------------------------------------------------------

  CREATE OR REPLACE FORCE NONEDITIONABLE VIEW "SIVAACADEMY"."EMP_DETAILS_VIEW" ("EMPLOYEE_ID", "JOB_ID", "MANAGER_ID", "DEPARTMENT_ID", "LOCATION_ID", "COUNTRY_ID", "FIRST_NAME", "LAST_NAME", "SALARY", "COMMISSION_PCT", "DEPARTMENT_NAME", "JOB_TITLE", "CITY", "STATE_PROVINCE", "COUNTRY_NAME", "REGION_NAME") AS 
  SELECT
   e.employee_id,
   e.job_id,
   e.manager_id,
   e.department_id,
   d.location_id,
   l.country_id,
   e.first_name,
   e.last_name,
   e.salary,
   e.commission_pct,
   d.department_name,
   j.job_title,
   l.city,
   l.state_province,
   c.country_name,
   r.region_name
   FROM
   employees e,
   departments d,
   jobs j,
   locations l,
   countries c,
   regions r
   WHERE e.department_id = d.department_id
   AND d.location_id = l.location_id
   AND l.country_id = c.country_id
   AND c.region_id = r.region_id
   AND j.job_id = e.job_id
   WITH READ ONLY
;
REM INSERTING into SIVAACADEMY.COUNTRIES
SET DEFINE OFF;
Insert into SIVAACADEMY.COUNTRIES (COUNTRY_ID,COUNTRY_NAME,REGION_ID) values ('AR','Argentina',2);
Insert into SIVAACADEMY.COUNTRIES (COUNTRY_ID,COUNTRY_NAME,REGION_ID) values ('AU','Australia',3);
Insert into SIVAACADEMY.COUNTRIES (COUNTRY_ID,COUNTRY_NAME,REGION_ID) values ('BE','Belgium',1);
Insert into SIVAACADEMY.COUNTRIES (COUNTRY_ID,COUNTRY_NAME,REGION_ID) values ('BR','Brazil',2);
Insert into SIVAACADEMY.COUNTRIES (COUNTRY_ID,COUNTRY_NAME,REGION_ID) values ('CA','Canada',2);
Insert into SIVAACADEMY.COUNTRIES (COUNTRY_ID,COUNTRY_NAME,REGION_ID) values ('CH','Switzerland',1);
Insert into SIVAACADEMY.COUNTRIES (COUNTRY_ID,COUNTRY_NAME,REGION_ID) values ('CN','China',3);
Insert into SIVAACADEMY.COUNTRIES (COUNTRY_ID,COUNTRY_NAME,REGION_ID) values ('DE','Germany',1);
Insert into SIVAACADEMY.COUNTRIES (COUNTRY_ID,COUNTRY_NAME,REGION_ID) values ('DK','Denmark',1);
Insert into SIVAACADEMY.COUNTRIES (COUNTRY_ID,COUNTRY_NAME,REGION_ID) values ('EG','Egypt',4);
Insert into SIVAACADEMY.COUNTRIES (COUNTRY_ID,COUNTRY_NAME,REGION_ID) values ('FR','France',1);
Insert into SIVAACADEMY.COUNTRIES (COUNTRY_ID,COUNTRY_NAME,REGION_ID) values ('HK','HongKong',3);
Insert into SIVAACADEMY.COUNTRIES (COUNTRY_ID,COUNTRY_NAME,REGION_ID) values ('IL','Israel',4);
Insert into SIVAACADEMY.COUNTRIES (COUNTRY_ID,COUNTRY_NAME,REGION_ID) values ('IN','India',3);
Insert into SIVAACADEMY.COUNTRIES (COUNTRY_ID,COUNTRY_NAME,REGION_ID) values ('IT','Italy',1);
Insert into SIVAACADEMY.COUNTRIES (COUNTRY_ID,COUNTRY_NAME,REGION_ID) values ('JP','Japan',3);
Insert into SIVAACADEMY.COUNTRIES (COUNTRY_ID,COUNTRY_NAME,REGION_ID) values ('KW','Kuwait',4);
Insert into SIVAACADEMY.COUNTRIES (COUNTRY_ID,COUNTRY_NAME,REGION_ID) values ('MX','Mexico',2);
Insert into SIVAACADEMY.COUNTRIES (COUNTRY_ID,COUNTRY_NAME,REGION_ID) values ('NG','Nigeria',4);
Insert into SIVAACADEMY.COUNTRIES (COUNTRY_ID,COUNTRY_NAME,REGION_ID) values ('NL','Netherlands',1);
Insert into SIVAACADEMY.COUNTRIES (COUNTRY_ID,COUNTRY_NAME,REGION_ID) values ('SG','Singapore',3);
Insert into SIVAACADEMY.COUNTRIES (COUNTRY_ID,COUNTRY_NAME,REGION_ID) values ('UK','United Kingdom',1);
Insert into SIVAACADEMY.COUNTRIES (COUNTRY_ID,COUNTRY_NAME,REGION_ID) values ('US','United States of America',2);
Insert into SIVAACADEMY.COUNTRIES (COUNTRY_ID,COUNTRY_NAME,REGION_ID) values ('ZM','Zambia',4);
Insert into SIVAACADEMY.COUNTRIES (COUNTRY_ID,COUNTRY_NAME,REGION_ID) values ('ZW','Zimbabwe',4);
REM INSERTING into SIVAACADEMY.CUSTOMER
SET DEFINE OFF;
Insert into SIVAACADEMY.CUSTOMER (CUST_ID,CUST_NAME) values (1,'A');
Insert into SIVAACADEMY.CUSTOMER (CUST_ID,CUST_NAME) values (2,'B');
Insert into SIVAACADEMY.CUSTOMER (CUST_ID,CUST_NAME) values (3,'C');
Insert into SIVAACADEMY.CUSTOMER (CUST_ID,CUST_NAME) values (4,'D');
REM INSERTING into SIVAACADEMY.DEPARTMENTS
SET DEFINE OFF;
Insert into SIVAACADEMY.DEPARTMENTS (DEPARTMENT_ID,DEPARTMENT_NAME,MANAGER_ID,LOCATION_ID) values (10,'Administration',200,1700);
Insert into SIVAACADEMY.DEPARTMENTS (DEPARTMENT_ID,DEPARTMENT_NAME,MANAGER_ID,LOCATION_ID) values (20,'Marketing',201,1800);
Insert into SIVAACADEMY.DEPARTMENTS (DEPARTMENT_ID,DEPARTMENT_NAME,MANAGER_ID,LOCATION_ID) values (30,'Purchasing',114,1700);
Insert into SIVAACADEMY.DEPARTMENTS (DEPARTMENT_ID,DEPARTMENT_NAME,MANAGER_ID,LOCATION_ID) values (40,'Human Resources',203,2400);
Insert into SIVAACADEMY.DEPARTMENTS (DEPARTMENT_ID,DEPARTMENT_NAME,MANAGER_ID,LOCATION_ID) values (50,'Shipping',121,1500);
Insert into SIVAACADEMY.DEPARTMENTS (DEPARTMENT_ID,DEPARTMENT_NAME,MANAGER_ID,LOCATION_ID) values (60,'IT',103,1400);
Insert into SIVAACADEMY.DEPARTMENTS (DEPARTMENT_ID,DEPARTMENT_NAME,MANAGER_ID,LOCATION_ID) values (70,'Public Relations',204,2700);
Insert into SIVAACADEMY.DEPARTMENTS (DEPARTMENT_ID,DEPARTMENT_NAME,MANAGER_ID,LOCATION_ID) values (80,'Sales',145,2500);
Insert into SIVAACADEMY.DEPARTMENTS (DEPARTMENT_ID,DEPARTMENT_NAME,MANAGER_ID,LOCATION_ID) values (90,'Executive',100,1700);
Insert into SIVAACADEMY.DEPARTMENTS (DEPARTMENT_ID,DEPARTMENT_NAME,MANAGER_ID,LOCATION_ID) values (100,'Finance',108,1700);
Insert into SIVAACADEMY.DEPARTMENTS (DEPARTMENT_ID,DEPARTMENT_NAME,MANAGER_ID,LOCATION_ID) values (110,'Accounting',205,1700);
Insert into SIVAACADEMY.DEPARTMENTS (DEPARTMENT_ID,DEPARTMENT_NAME,MANAGER_ID,LOCATION_ID) values (120,'Treasury',null,1700);
Insert into SIVAACADEMY.DEPARTMENTS (DEPARTMENT_ID,DEPARTMENT_NAME,MANAGER_ID,LOCATION_ID) values (130,'Corporate Tax',null,1700);
Insert into SIVAACADEMY.DEPARTMENTS (DEPARTMENT_ID,DEPARTMENT_NAME,MANAGER_ID,LOCATION_ID) values (140,'Control And Credit',null,1700);
Insert into SIVAACADEMY.DEPARTMENTS (DEPARTMENT_ID,DEPARTMENT_NAME,MANAGER_ID,LOCATION_ID) values (150,'Shareholder Services',null,1700);
Insert into SIVAACADEMY.DEPARTMENTS (DEPARTMENT_ID,DEPARTMENT_NAME,MANAGER_ID,LOCATION_ID) values (160,'Benefits',null,1700);
Insert into SIVAACADEMY.DEPARTMENTS (DEPARTMENT_ID,DEPARTMENT_NAME,MANAGER_ID,LOCATION_ID) values (170,'Manufacturing',null,1700);
Insert into SIVAACADEMY.DEPARTMENTS (DEPARTMENT_ID,DEPARTMENT_NAME,MANAGER_ID,LOCATION_ID) values (180,'Construction',null,1700);
Insert into SIVAACADEMY.DEPARTMENTS (DEPARTMENT_ID,DEPARTMENT_NAME,MANAGER_ID,LOCATION_ID) values (190,'Contracting',null,1700);
Insert into SIVAACADEMY.DEPARTMENTS (DEPARTMENT_ID,DEPARTMENT_NAME,MANAGER_ID,LOCATION_ID) values (200,'Operations',null,1700);
Insert into SIVAACADEMY.DEPARTMENTS (DEPARTMENT_ID,DEPARTMENT_NAME,MANAGER_ID,LOCATION_ID) values (210,'IT Support',null,1700);
Insert into SIVAACADEMY.DEPARTMENTS (DEPARTMENT_ID,DEPARTMENT_NAME,MANAGER_ID,LOCATION_ID) values (220,'NOC',null,1700);
Insert into SIVAACADEMY.DEPARTMENTS (DEPARTMENT_ID,DEPARTMENT_NAME,MANAGER_ID,LOCATION_ID) values (230,'IT Helpdesk',null,1700);
Insert into SIVAACADEMY.DEPARTMENTS (DEPARTMENT_ID,DEPARTMENT_NAME,MANAGER_ID,LOCATION_ID) values (240,'Government Sales',null,1700);
Insert into SIVAACADEMY.DEPARTMENTS (DEPARTMENT_ID,DEPARTMENT_NAME,MANAGER_ID,LOCATION_ID) values (250,'Retail Sales',null,1700);
Insert into SIVAACADEMY.DEPARTMENTS (DEPARTMENT_ID,DEPARTMENT_NAME,MANAGER_ID,LOCATION_ID) values (260,'Recruiting',null,1700);
Insert into SIVAACADEMY.DEPARTMENTS (DEPARTMENT_ID,DEPARTMENT_NAME,MANAGER_ID,LOCATION_ID) values (270,'Payroll',null,1700);
REM INSERTING into SIVAACADEMY.DEPT
SET DEFINE OFF;
Insert into SIVAACADEMY.DEPT (DEPTNO,DNAME,LOC) values (10,'ACCOUNTING','NEW YORK');
Insert into SIVAACADEMY.DEPT (DEPTNO,DNAME,LOC) values (20,'RESEARCH','DALLAS');
Insert into SIVAACADEMY.DEPT (DEPTNO,DNAME,LOC) values (30,'SALES','CHICAGO');
Insert into SIVAACADEMY.DEPT (DEPTNO,DNAME,LOC) values (40,'OPERATIONS','BOSTON');
REM INSERTING into SIVAACADEMY.EMP
SET DEFINE OFF;
Insert into SIVAACADEMY.EMP (EMPNO,ENAME,JOB,MGR,HIREDATE,SAL,COMM,DEPTNO) values (7839,'KING','PRESIDENT',null,to_date('17-11-81','DD-MM-RR'),5100,null,20);
Insert into SIVAACADEMY.EMP (EMPNO,ENAME,JOB,MGR,HIREDATE,SAL,COMM,DEPTNO) values (7698,'BLAKE','MANAGER',7839,to_date('01-05-81','DD-MM-RR'),2850,null,30);
Insert into SIVAACADEMY.EMP (EMPNO,ENAME,JOB,MGR,HIREDATE,SAL,COMM,DEPTNO) values (7782,'CLARK','MANAGER',7839,to_date('09-06-81','DD-MM-RR'),2450,null,10);
Insert into SIVAACADEMY.EMP (EMPNO,ENAME,JOB,MGR,HIREDATE,SAL,COMM,DEPTNO) values (7566,'JONES','MANAGER',7839,to_date('02-04-81','DD-MM-RR'),3500,null,20);
Insert into SIVAACADEMY.EMP (EMPNO,ENAME,JOB,MGR,HIREDATE,SAL,COMM,DEPTNO) values (7788,'SCOTT','ANALYST',7566,to_date('19-04-87','DD-MM-RR'),3000,null,20);
Insert into SIVAACADEMY.EMP (EMPNO,ENAME,JOB,MGR,HIREDATE,SAL,COMM,DEPTNO) values (7902,'FORD','ANALYST',7566,to_date('03-12-81','DD-MM-RR'),3000,null,20);
Insert into SIVAACADEMY.EMP (EMPNO,ENAME,JOB,MGR,HIREDATE,SAL,COMM,DEPTNO) values (7369,'SMITH','CLERK',7902,to_date('17-12-80','DD-MM-RR'),900,null,20);
Insert into SIVAACADEMY.EMP (EMPNO,ENAME,JOB,MGR,HIREDATE,SAL,COMM,DEPTNO) values (7499,'ALLEN','SALESMAN',7698,to_date('20-02-81','DD-MM-RR'),1600,300,30);
Insert into SIVAACADEMY.EMP (EMPNO,ENAME,JOB,MGR,HIREDATE,SAL,COMM,DEPTNO) values (7521,'WARD','SALESMAN',7698,to_date('22-02-81','DD-MM-RR'),1250,500,30);
Insert into SIVAACADEMY.EMP (EMPNO,ENAME,JOB,MGR,HIREDATE,SAL,COMM,DEPTNO) values (7654,'MARTIN','SALESMAN',7698,to_date('28-09-81','DD-MM-RR'),1250,1400,30);
Insert into SIVAACADEMY.EMP (EMPNO,ENAME,JOB,MGR,HIREDATE,SAL,COMM,DEPTNO) values (7844,'TURNER','SALESMAN',7698,to_date('08-09-81','DD-MM-RR'),1500,0,30);
Insert into SIVAACADEMY.EMP (EMPNO,ENAME,JOB,MGR,HIREDATE,SAL,COMM,DEPTNO) values (7876,'ADAMS','CLERK',7788,to_date('23-05-87','DD-MM-RR'),1100,null,20);
Insert into SIVAACADEMY.EMP (EMPNO,ENAME,JOB,MGR,HIREDATE,SAL,COMM,DEPTNO) values (7900,'JAMES','CLERK',7698,to_date('03-12-81','DD-MM-RR'),950,null,30);
Insert into SIVAACADEMY.EMP (EMPNO,ENAME,JOB,MGR,HIREDATE,SAL,COMM,DEPTNO) values (7934,'MILLER','CLERK',7782,to_date('23-01-82','DD-MM-RR'),1300,null,10);
REM INSERTING into SIVAACADEMY.EMP1
SET DEFINE OFF;
REM INSERTING into SIVAACADEMY.EMPLOYEES
SET DEFINE OFF;
Insert into SIVAACADEMY.EMPLOYEES (EMPLOYEE_ID,FIRST_NAME,LAST_NAME,EMAIL,PHONE_NUMBER,HIRE_DATE,JOB_ID,SALARY,COMMISSION_PCT,MANAGER_ID,DEPARTMENT_ID,CREATED_DATE,UPDATED_DATE) values (133,'Jason','Mallin','Jason.Mallin@gmail.com','650.127.1934',to_date('14-06-96','DD-MM-RR'),'ST_CLERK',3300,null,122,50,to_timestamp('16-06-24 9:37:58.000000000 PM','DD-MM-RR fmHH12:fmMI:SSXFF AM'),null);
Insert into SIVAACADEMY.EMPLOYEES (EMPLOYEE_ID,FIRST_NAME,LAST_NAME,EMAIL,PHONE_NUMBER,HIRE_DATE,JOB_ID,SALARY,COMMISSION_PCT,MANAGER_ID,DEPARTMENT_ID,CREATED_DATE,UPDATED_DATE) values (143,'Randall','Matos','Randall.Matos@gmail.com','650.121.2874',to_date('15-03-98','DD-MM-RR'),'ST_CLERK',2600,null,124,50,to_timestamp('16-06-24 9:37:58.000000000 PM','DD-MM-RR fmHH12:fmMI:SSXFF AM'),null);
Insert into SIVAACADEMY.EMPLOYEES (EMPLOYEE_ID,FIRST_NAME,LAST_NAME,EMAIL,PHONE_NUMBER,HIRE_DATE,JOB_ID,SALARY,COMMISSION_PCT,MANAGER_ID,DEPARTMENT_ID,CREATED_DATE,UPDATED_DATE) values (125,'Julia','Nayer','Julia.Nayer@gmail.com','650.124.1214',to_date('16-07-97','DD-MM-RR'),'ST_CLERK',3200,null,120,50,to_timestamp('16-06-24 9:37:58.000000000 PM','DD-MM-RR fmHH12:fmMI:SSXFF AM'),null);
Insert into SIVAACADEMY.EMPLOYEES (EMPLOYEE_ID,FIRST_NAME,LAST_NAME,EMAIL,PHONE_NUMBER,HIRE_DATE,JOB_ID,SALARY,COMMISSION_PCT,MANAGER_ID,DEPARTMENT_ID,CREATED_DATE,UPDATED_DATE) values (106,'Valli','Pataballa','Valli.Pataballa@gmail.com','590.423.4560',to_date('05-02-98','DD-MM-RR'),'IT_PROG',4800,null,103,60,to_timestamp('16-06-24 9:37:58.000000000 PM','DD-MM-RR fmHH12:fmMI:SSXFF AM'),null);
Insert into SIVAACADEMY.EMPLOYEES (EMPLOYEE_ID,FIRST_NAME,LAST_NAME,EMAIL,PHONE_NUMBER,HIRE_DATE,JOB_ID,SALARY,COMMISSION_PCT,MANAGER_ID,DEPARTMENT_ID,CREATED_DATE,UPDATED_DATE) values (141,'Trenna','Rajs','Trenna.Rajs@gmail.com','650.121.8009',to_date('17-10-95','DD-MM-RR'),'ST_CLERK',3500,null,124,50,to_timestamp('16-06-24 9:37:58.000000000 PM','DD-MM-RR fmHH12:fmMI:SSXFF AM'),null);
Insert into SIVAACADEMY.EMPLOYEES (EMPLOYEE_ID,FIRST_NAME,LAST_NAME,EMAIL,PHONE_NUMBER,HIRE_DATE,JOB_ID,SALARY,COMMISSION_PCT,MANAGER_ID,DEPARTMENT_ID,CREATED_DATE,UPDATED_DATE) values (184,'Nandita','Sarchand','NSarchand','650.509.1876',to_date('27-01-96','DD-MM-RR'),'SH_CLERK',4200,null,121,50,to_timestamp('16-06-24 9:37:58.000000000 PM','DD-MM-RR fmHH12:fmMI:SSXFF AM'),null);
Insert into SIVAACADEMY.EMPLOYEES (EMPLOYEE_ID,FIRST_NAME,LAST_NAME,EMAIL,PHONE_NUMBER,HIRE_DATE,JOB_ID,SALARY,COMMISSION_PCT,MANAGER_ID,DEPARTMENT_ID,CREATED_DATE,UPDATED_DATE) values (138,'Stephen','Stiles','Stephen.Stiles@gmail.com','650.121.2034',to_date('26-10-97','DD-MM-RR'),'ST_CLERK',3200,null,123,50,to_timestamp('16-06-24 9:37:58.000000000 PM','DD-MM-RR fmHH12:fmMI:SSXFF AM'),null);
Insert into SIVAACADEMY.EMPLOYEES (EMPLOYEE_ID,FIRST_NAME,LAST_NAME,EMAIL,PHONE_NUMBER,HIRE_DATE,JOB_ID,SALARY,COMMISSION_PCT,MANAGER_ID,DEPARTMENT_ID,CREATED_DATE,UPDATED_DATE) values (180,'Winston','Taylor','WTaylor','650.507.9876',to_date('24-01-98','DD-MM-RR'),'SH_CLERK',3200,null,120,50,to_timestamp('16-06-24 9:37:58.000000000 PM','DD-MM-RR fmHH12:fmMI:SSXFF AM'),null);
Insert into SIVAACADEMY.EMPLOYEES (EMPLOYEE_ID,FIRST_NAME,LAST_NAME,EMAIL,PHONE_NUMBER,HIRE_DATE,JOB_ID,SALARY,COMMISSION_PCT,MANAGER_ID,DEPARTMENT_ID,CREATED_DATE,UPDATED_DATE) values (144,'Peter','Vargas','Peter.Vargas@gmail.com','650.121.2004',to_date('09-07-98','DD-MM-RR'),'ST_CLERK',2500,null,124,50,to_timestamp('16-06-24 9:37:58.000000000 PM','DD-MM-RR fmHH12:fmMI:SSXFF AM'),null);
Insert into SIVAACADEMY.EMPLOYEES (EMPLOYEE_ID,FIRST_NAME,LAST_NAME,EMAIL,PHONE_NUMBER,HIRE_DATE,JOB_ID,SALARY,COMMISSION_PCT,MANAGER_ID,DEPARTMENT_ID,CREATED_DATE,UPDATED_DATE) values (149,'Eleni','Zlotkey','Eleni.Zlotkey@gmail.com','011.44.1344.429018',to_date('29-01-00','DD-MM-RR'),'SA_MAN',10500,0.2,100,80,to_timestamp('16-06-24 9:37:58.000000000 PM','DD-MM-RR fmHH12:fmMI:SSXFF AM'),null);
Insert into SIVAACADEMY.EMPLOYEES (EMPLOYEE_ID,FIRST_NAME,LAST_NAME,EMAIL,PHONE_NUMBER,HIRE_DATE,JOB_ID,SALARY,COMMISSION_PCT,MANAGER_ID,DEPARTMENT_ID,CREATED_DATE,UPDATED_DATE) values (100,'Steven','King','Steven.King@gmail.com','515.123.4567',to_date('17-06-87','DD-MM-RR'),'AD_PRES',24000,null,null,90,to_timestamp('16-06-24 9:37:58.000000000 PM','DD-MM-RR fmHH12:fmMI:SSXFF AM'),null);
Insert into SIVAACADEMY.EMPLOYEES (EMPLOYEE_ID,FIRST_NAME,LAST_NAME,EMAIL,PHONE_NUMBER,HIRE_DATE,JOB_ID,SALARY,COMMISSION_PCT,MANAGER_ID,DEPARTMENT_ID,CREATED_DATE,UPDATED_DATE) values (101,'Neena','Kochhar','Neena.Kochhar@gmail.com','515.123.4568',to_date('21-09-89','DD-MM-RR'),'AD_VP',17000,null,100,90,to_timestamp('16-06-24 9:37:58.000000000 PM','DD-MM-RR fmHH12:fmMI:SSXFF AM'),null);
Insert into SIVAACADEMY.EMPLOYEES (EMPLOYEE_ID,FIRST_NAME,LAST_NAME,EMAIL,PHONE_NUMBER,HIRE_DATE,JOB_ID,SALARY,COMMISSION_PCT,MANAGER_ID,DEPARTMENT_ID,CREATED_DATE,UPDATED_DATE) values (102,'Lex','De Haan','Lex.De Haan@gmail.com','515.123.4569',to_date('13-01-93','DD-MM-RR'),'AD_VP',17000,null,100,90,to_timestamp('16-06-24 9:37:58.000000000 PM','DD-MM-RR fmHH12:fmMI:SSXFF AM'),null);
Insert into SIVAACADEMY.EMPLOYEES (EMPLOYEE_ID,FIRST_NAME,LAST_NAME,EMAIL,PHONE_NUMBER,HIRE_DATE,JOB_ID,SALARY,COMMISSION_PCT,MANAGER_ID,DEPARTMENT_ID,CREATED_DATE,UPDATED_DATE) values (103,'Alexander','Hunold','Alexander.Hunold@gmail.com','590.423.4567',to_date('03-01-90','DD-MM-RR'),'IT_PROG',9000,null,102,60,to_timestamp('16-06-24 9:37:58.000000000 PM','DD-MM-RR fmHH12:fmMI:SSXFF AM'),null);
Insert into SIVAACADEMY.EMPLOYEES (EMPLOYEE_ID,FIRST_NAME,LAST_NAME,EMAIL,PHONE_NUMBER,HIRE_DATE,JOB_ID,SALARY,COMMISSION_PCT,MANAGER_ID,DEPARTMENT_ID,CREATED_DATE,UPDATED_DATE) values (104,'Bruce','Ernst','Bruce.Ernst@gmail.com','590.423.4568',to_date('21-05-91','DD-MM-RR'),'IT_PROG',6000,null,103,60,to_timestamp('16-06-24 9:37:58.000000000 PM','DD-MM-RR fmHH12:fmMI:SSXFF AM'),null);
Insert into SIVAACADEMY.EMPLOYEES (EMPLOYEE_ID,FIRST_NAME,LAST_NAME,EMAIL,PHONE_NUMBER,HIRE_DATE,JOB_ID,SALARY,COMMISSION_PCT,MANAGER_ID,DEPARTMENT_ID,CREATED_DATE,UPDATED_DATE) values (105,'David','Austin','David.Austin@gmail.com','590.423.4569',to_date('25-06-97','DD-MM-RR'),'IT_PROG',4800,null,103,60,to_timestamp('16-06-24 9:37:58.000000000 PM','DD-MM-RR fmHH12:fmMI:SSXFF AM'),null);
Insert into SIVAACADEMY.EMPLOYEES (EMPLOYEE_ID,FIRST_NAME,LAST_NAME,EMAIL,PHONE_NUMBER,HIRE_DATE,JOB_ID,SALARY,COMMISSION_PCT,MANAGER_ID,DEPARTMENT_ID,CREATED_DATE,UPDATED_DATE) values (107,'Diana','Lorentz','Diana.Lorentz@gmail.com','590.423.5567',to_date('07-02-99','DD-MM-RR'),'IT_PROG',4200,null,103,60,to_timestamp('16-06-24 9:37:58.000000000 PM','DD-MM-RR fmHH12:fmMI:SSXFF AM'),null);
Insert into SIVAACADEMY.EMPLOYEES (EMPLOYEE_ID,FIRST_NAME,LAST_NAME,EMAIL,PHONE_NUMBER,HIRE_DATE,JOB_ID,SALARY,COMMISSION_PCT,MANAGER_ID,DEPARTMENT_ID,CREATED_DATE,UPDATED_DATE) values (108,'Nancy','Greenberg','Nancy.Greenberg@gmail.com','515.124.4569',to_date('17-08-94','DD-MM-RR'),'FI_MGR',12000,null,101,100,to_timestamp('16-06-24 9:37:58.000000000 PM','DD-MM-RR fmHH12:fmMI:SSXFF AM'),null);
Insert into SIVAACADEMY.EMPLOYEES (EMPLOYEE_ID,FIRST_NAME,LAST_NAME,EMAIL,PHONE_NUMBER,HIRE_DATE,JOB_ID,SALARY,COMMISSION_PCT,MANAGER_ID,DEPARTMENT_ID,CREATED_DATE,UPDATED_DATE) values (109,'Daniel','Faviet','Daniel.Faviet@gmail.com','515.124.4169',to_date('16-08-94','DD-MM-RR'),'FI_ACCOUNT',9000,null,108,100,to_timestamp('16-06-24 9:37:58.000000000 PM','DD-MM-RR fmHH12:fmMI:SSXFF AM'),null);
Insert into SIVAACADEMY.EMPLOYEES (EMPLOYEE_ID,FIRST_NAME,LAST_NAME,EMAIL,PHONE_NUMBER,HIRE_DATE,JOB_ID,SALARY,COMMISSION_PCT,MANAGER_ID,DEPARTMENT_ID,CREATED_DATE,UPDATED_DATE) values (110,'John','Chen','John.Chen@gmail.com','515.124.4269',to_date('28-09-97','DD-MM-RR'),'FI_ACCOUNT',8200,null,108,100,to_timestamp('16-06-24 9:37:58.000000000 PM','DD-MM-RR fmHH12:fmMI:SSXFF AM'),null);
Insert into SIVAACADEMY.EMPLOYEES (EMPLOYEE_ID,FIRST_NAME,LAST_NAME,EMAIL,PHONE_NUMBER,HIRE_DATE,JOB_ID,SALARY,COMMISSION_PCT,MANAGER_ID,DEPARTMENT_ID,CREATED_DATE,UPDATED_DATE) values (111,'Ismael','Sciarra','Ismael.Sciarra@gmail.com','515.124.4369',to_date('30-09-97','DD-MM-RR'),'FI_ACCOUNT',7700,null,108,100,to_timestamp('16-06-24 9:37:58.000000000 PM','DD-MM-RR fmHH12:fmMI:SSXFF AM'),null);
Insert into SIVAACADEMY.EMPLOYEES (EMPLOYEE_ID,FIRST_NAME,LAST_NAME,EMAIL,PHONE_NUMBER,HIRE_DATE,JOB_ID,SALARY,COMMISSION_PCT,MANAGER_ID,DEPARTMENT_ID,CREATED_DATE,UPDATED_DATE) values (112,'Jose Manuel','Urman','Jose Manuel.Urman@gmail.com','515.124.4469',to_date('07-03-98','DD-MM-RR'),'FI_ACCOUNT',7800,null,108,100,to_timestamp('16-06-24 9:37:58.000000000 PM','DD-MM-RR fmHH12:fmMI:SSXFF AM'),null);
Insert into SIVAACADEMY.EMPLOYEES (EMPLOYEE_ID,FIRST_NAME,LAST_NAME,EMAIL,PHONE_NUMBER,HIRE_DATE,JOB_ID,SALARY,COMMISSION_PCT,MANAGER_ID,DEPARTMENT_ID,CREATED_DATE,UPDATED_DATE) values (113,'Luis','Popp','Luis.Popp@gmail.com','515.124.4567',to_date('07-12-99','DD-MM-RR'),'FI_ACCOUNT',6900,null,108,100,to_timestamp('16-06-24 9:37:58.000000000 PM','DD-MM-RR fmHH12:fmMI:SSXFF AM'),null);
Insert into SIVAACADEMY.EMPLOYEES (EMPLOYEE_ID,FIRST_NAME,LAST_NAME,EMAIL,PHONE_NUMBER,HIRE_DATE,JOB_ID,SALARY,COMMISSION_PCT,MANAGER_ID,DEPARTMENT_ID,CREATED_DATE,UPDATED_DATE) values (114,'Den','Raphaely','Den.Raphaely@gmail.com','515.127.4561',to_date('07-12-94','DD-MM-RR'),'PU_MAN',11000,null,100,30,to_timestamp('16-06-24 9:37:58.000000000 PM','DD-MM-RR fmHH12:fmMI:SSXFF AM'),null);
Insert into SIVAACADEMY.EMPLOYEES (EMPLOYEE_ID,FIRST_NAME,LAST_NAME,EMAIL,PHONE_NUMBER,HIRE_DATE,JOB_ID,SALARY,COMMISSION_PCT,MANAGER_ID,DEPARTMENT_ID,CREATED_DATE,UPDATED_DATE) values (115,'Alexander','Khoo','Alexander.Khoo@gmail.com','515.127.4562',to_date('18-05-95','DD-MM-RR'),'PU_CLERK',3100,null,114,30,to_timestamp('16-06-24 9:37:58.000000000 PM','DD-MM-RR fmHH12:fmMI:SSXFF AM'),null);
Insert into SIVAACADEMY.EMPLOYEES (EMPLOYEE_ID,FIRST_NAME,LAST_NAME,EMAIL,PHONE_NUMBER,HIRE_DATE,JOB_ID,SALARY,COMMISSION_PCT,MANAGER_ID,DEPARTMENT_ID,CREATED_DATE,UPDATED_DATE) values (116,'Shelli','Baida','Shelli.Baida@gmail.com','515.127.4563',to_date('24-12-97','DD-MM-RR'),'PU_CLERK',2900,null,114,30,to_timestamp('16-06-24 9:37:58.000000000 PM','DD-MM-RR fmHH12:fmMI:SSXFF AM'),null);
Insert into SIVAACADEMY.EMPLOYEES (EMPLOYEE_ID,FIRST_NAME,LAST_NAME,EMAIL,PHONE_NUMBER,HIRE_DATE,JOB_ID,SALARY,COMMISSION_PCT,MANAGER_ID,DEPARTMENT_ID,CREATED_DATE,UPDATED_DATE) values (117,'Sigal','Tobias','Sigal.Tobias@gmail.com','515.127.4564',to_date('24-07-97','DD-MM-RR'),'PU_CLERK',2800,null,114,30,to_timestamp('16-06-24 9:37:58.000000000 PM','DD-MM-RR fmHH12:fmMI:SSXFF AM'),null);
Insert into SIVAACADEMY.EMPLOYEES (EMPLOYEE_ID,FIRST_NAME,LAST_NAME,EMAIL,PHONE_NUMBER,HIRE_DATE,JOB_ID,SALARY,COMMISSION_PCT,MANAGER_ID,DEPARTMENT_ID,CREATED_DATE,UPDATED_DATE) values (118,'Guy','Himuro','Guy.Himuro@gmail.com','515.127.4565',to_date('15-11-98','DD-MM-RR'),'PU_CLERK',2600,null,114,30,to_timestamp('16-06-24 9:37:58.000000000 PM','DD-MM-RR fmHH12:fmMI:SSXFF AM'),null);
Insert into SIVAACADEMY.EMPLOYEES (EMPLOYEE_ID,FIRST_NAME,LAST_NAME,EMAIL,PHONE_NUMBER,HIRE_DATE,JOB_ID,SALARY,COMMISSION_PCT,MANAGER_ID,DEPARTMENT_ID,CREATED_DATE,UPDATED_DATE) values (119,'Karen','Colmenares','Karen.Colmenares@gmail.com','515.127.4566',to_date('10-08-99','DD-MM-RR'),'PU_CLERK',2500,null,114,30,to_timestamp('16-06-24 9:37:58.000000000 PM','DD-MM-RR fmHH12:fmMI:SSXFF AM'),null);
Insert into SIVAACADEMY.EMPLOYEES (EMPLOYEE_ID,FIRST_NAME,LAST_NAME,EMAIL,PHONE_NUMBER,HIRE_DATE,JOB_ID,SALARY,COMMISSION_PCT,MANAGER_ID,DEPARTMENT_ID,CREATED_DATE,UPDATED_DATE) values (120,'Matthew','Weiss','Matthew.Weiss@gmail.com','650.123.1234',to_date('18-07-96','DD-MM-RR'),'ST_MAN',8000,null,100,50,to_timestamp('16-06-24 9:37:58.000000000 PM','DD-MM-RR fmHH12:fmMI:SSXFF AM'),null);
Insert into SIVAACADEMY.EMPLOYEES (EMPLOYEE_ID,FIRST_NAME,LAST_NAME,EMAIL,PHONE_NUMBER,HIRE_DATE,JOB_ID,SALARY,COMMISSION_PCT,MANAGER_ID,DEPARTMENT_ID,CREATED_DATE,UPDATED_DATE) values (121,'Adam','Fripp','Adam.Fripp@gmail.com','650.123.2234',to_date('10-04-97','DD-MM-RR'),'ST_MAN',8200,null,100,50,to_timestamp('16-06-24 9:37:58.000000000 PM','DD-MM-RR fmHH12:fmMI:SSXFF AM'),null);
Insert into SIVAACADEMY.EMPLOYEES (EMPLOYEE_ID,FIRST_NAME,LAST_NAME,EMAIL,PHONE_NUMBER,HIRE_DATE,JOB_ID,SALARY,COMMISSION_PCT,MANAGER_ID,DEPARTMENT_ID,CREATED_DATE,UPDATED_DATE) values (122,'Payam','Kaufling','Payam.Kaufling@gmail.com','650.123.3234',to_date('01-05-95','DD-MM-RR'),'ST_MAN',7900,null,100,50,to_timestamp('16-06-24 9:37:58.000000000 PM','DD-MM-RR fmHH12:fmMI:SSXFF AM'),null);
Insert into SIVAACADEMY.EMPLOYEES (EMPLOYEE_ID,FIRST_NAME,LAST_NAME,EMAIL,PHONE_NUMBER,HIRE_DATE,JOB_ID,SALARY,COMMISSION_PCT,MANAGER_ID,DEPARTMENT_ID,CREATED_DATE,UPDATED_DATE) values (123,'Shanta','Vollman','Shanta.Vollman@gmail.com','650.123.4234',to_date('10-10-97','DD-MM-RR'),'ST_MAN',6500,null,100,50,to_timestamp('16-06-24 9:37:58.000000000 PM','DD-MM-RR fmHH12:fmMI:SSXFF AM'),null);
Insert into SIVAACADEMY.EMPLOYEES (EMPLOYEE_ID,FIRST_NAME,LAST_NAME,EMAIL,PHONE_NUMBER,HIRE_DATE,JOB_ID,SALARY,COMMISSION_PCT,MANAGER_ID,DEPARTMENT_ID,CREATED_DATE,UPDATED_DATE) values (124,'Kevin','Mourgos','Kevin.Mourgos@gmail.com','650.123.5234',to_date('16-11-99','DD-MM-RR'),'ST_MAN',5800,null,100,50,to_timestamp('16-06-24 9:37:58.000000000 PM','DD-MM-RR fmHH12:fmMI:SSXFF AM'),null);
Insert into SIVAACADEMY.EMPLOYEES (EMPLOYEE_ID,FIRST_NAME,LAST_NAME,EMAIL,PHONE_NUMBER,HIRE_DATE,JOB_ID,SALARY,COMMISSION_PCT,MANAGER_ID,DEPARTMENT_ID,CREATED_DATE,UPDATED_DATE) values (126,'Irene','Mikkilineni','Irene.Mikkilineni@gmail.com','650.124.1224',to_date('28-09-98','DD-MM-RR'),'ST_CLERK',2700,null,120,50,to_timestamp('16-06-24 9:37:58.000000000 PM','DD-MM-RR fmHH12:fmMI:SSXFF AM'),null);
Insert into SIVAACADEMY.EMPLOYEES (EMPLOYEE_ID,FIRST_NAME,LAST_NAME,EMAIL,PHONE_NUMBER,HIRE_DATE,JOB_ID,SALARY,COMMISSION_PCT,MANAGER_ID,DEPARTMENT_ID,CREATED_DATE,UPDATED_DATE) values (127,'James','Landry','James.Landry@gmail.com','650.124.1334',to_date('14-01-99','DD-MM-RR'),'ST_CLERK',2400,null,120,50,to_timestamp('16-06-24 9:37:58.000000000 PM','DD-MM-RR fmHH12:fmMI:SSXFF AM'),null);
Insert into SIVAACADEMY.EMPLOYEES (EMPLOYEE_ID,FIRST_NAME,LAST_NAME,EMAIL,PHONE_NUMBER,HIRE_DATE,JOB_ID,SALARY,COMMISSION_PCT,MANAGER_ID,DEPARTMENT_ID,CREATED_DATE,UPDATED_DATE) values (128,'Steven','Markle','Steven.Markle@gmail.com','650.124.1434',to_date('08-03-00','DD-MM-RR'),'ST_CLERK',2200,null,120,50,to_timestamp('16-06-24 9:37:58.000000000 PM','DD-MM-RR fmHH12:fmMI:SSXFF AM'),null);
Insert into SIVAACADEMY.EMPLOYEES (EMPLOYEE_ID,FIRST_NAME,LAST_NAME,EMAIL,PHONE_NUMBER,HIRE_DATE,JOB_ID,SALARY,COMMISSION_PCT,MANAGER_ID,DEPARTMENT_ID,CREATED_DATE,UPDATED_DATE) values (129,'Laura','Bissot','Laura.Bissot@gmail.com','650.124.5234',to_date('20-08-97','DD-MM-RR'),'ST_CLERK',3300,null,121,50,to_timestamp('16-06-24 9:37:58.000000000 PM','DD-MM-RR fmHH12:fmMI:SSXFF AM'),null);
Insert into SIVAACADEMY.EMPLOYEES (EMPLOYEE_ID,FIRST_NAME,LAST_NAME,EMAIL,PHONE_NUMBER,HIRE_DATE,JOB_ID,SALARY,COMMISSION_PCT,MANAGER_ID,DEPARTMENT_ID,CREATED_DATE,UPDATED_DATE) values (130,'Mozhe','Atkinson','Mozhe.Atkinson@gmail.com','650.124.6234',to_date('30-10-97','DD-MM-RR'),'ST_CLERK',2800,null,121,50,to_timestamp('16-06-24 9:37:58.000000000 PM','DD-MM-RR fmHH12:fmMI:SSXFF AM'),null);
Insert into SIVAACADEMY.EMPLOYEES (EMPLOYEE_ID,FIRST_NAME,LAST_NAME,EMAIL,PHONE_NUMBER,HIRE_DATE,JOB_ID,SALARY,COMMISSION_PCT,MANAGER_ID,DEPARTMENT_ID,CREATED_DATE,UPDATED_DATE) values (131,'James','Marlow','James.Marlow@gmail.com','650.124.7234',to_date('16-02-97','DD-MM-RR'),'ST_CLERK',2500,null,121,50,to_timestamp('16-06-24 9:37:58.000000000 PM','DD-MM-RR fmHH12:fmMI:SSXFF AM'),null);
Insert into SIVAACADEMY.EMPLOYEES (EMPLOYEE_ID,FIRST_NAME,LAST_NAME,EMAIL,PHONE_NUMBER,HIRE_DATE,JOB_ID,SALARY,COMMISSION_PCT,MANAGER_ID,DEPARTMENT_ID,CREATED_DATE,UPDATED_DATE) values (132,'TJ','Olson','TJ.Olson@gmail.com','650.124.8234',to_date('10-04-99','DD-MM-RR'),'ST_CLERK',2100,null,121,50,to_timestamp('16-06-24 9:37:58.000000000 PM','DD-MM-RR fmHH12:fmMI:SSXFF AM'),null);
Insert into SIVAACADEMY.EMPLOYEES (EMPLOYEE_ID,FIRST_NAME,LAST_NAME,EMAIL,PHONE_NUMBER,HIRE_DATE,JOB_ID,SALARY,COMMISSION_PCT,MANAGER_ID,DEPARTMENT_ID,CREATED_DATE,UPDATED_DATE) values (134,'Michael','Rogers','Michael.Rogers@gmail.com','650.127.1834',to_date('26-08-98','DD-MM-RR'),'ST_CLERK',2900,null,122,50,to_timestamp('16-06-24 9:37:58.000000000 PM','DD-MM-RR fmHH12:fmMI:SSXFF AM'),null);
Insert into SIVAACADEMY.EMPLOYEES (EMPLOYEE_ID,FIRST_NAME,LAST_NAME,EMAIL,PHONE_NUMBER,HIRE_DATE,JOB_ID,SALARY,COMMISSION_PCT,MANAGER_ID,DEPARTMENT_ID,CREATED_DATE,UPDATED_DATE) values (135,'Ki','Gee','Ki.Gee@gmail.com','650.127.1734',to_date('12-12-99','DD-MM-RR'),'ST_CLERK',2400,null,122,50,to_timestamp('16-06-24 9:37:58.000000000 PM','DD-MM-RR fmHH12:fmMI:SSXFF AM'),null);
Insert into SIVAACADEMY.EMPLOYEES (EMPLOYEE_ID,FIRST_NAME,LAST_NAME,EMAIL,PHONE_NUMBER,HIRE_DATE,JOB_ID,SALARY,COMMISSION_PCT,MANAGER_ID,DEPARTMENT_ID,CREATED_DATE,UPDATED_DATE) values (136,'Hazel','Philtanker','Hazel.Philtanker@gmail.com','650.127.1634',to_date('06-02-00','DD-MM-RR'),'ST_CLERK',2200,null,122,50,to_timestamp('16-06-24 9:37:58.000000000 PM','DD-MM-RR fmHH12:fmMI:SSXFF AM'),null);
Insert into SIVAACADEMY.EMPLOYEES (EMPLOYEE_ID,FIRST_NAME,LAST_NAME,EMAIL,PHONE_NUMBER,HIRE_DATE,JOB_ID,SALARY,COMMISSION_PCT,MANAGER_ID,DEPARTMENT_ID,CREATED_DATE,UPDATED_DATE) values (137,'Renske','Ladwig','Renske.Ladwig@gmail.com','650.121.1234',to_date('14-07-95','DD-MM-RR'),'ST_CLERK',3600,null,123,50,to_timestamp('16-06-24 9:37:58.000000000 PM','DD-MM-RR fmHH12:fmMI:SSXFF AM'),null);
Insert into SIVAACADEMY.EMPLOYEES (EMPLOYEE_ID,FIRST_NAME,LAST_NAME,EMAIL,PHONE_NUMBER,HIRE_DATE,JOB_ID,SALARY,COMMISSION_PCT,MANAGER_ID,DEPARTMENT_ID,CREATED_DATE,UPDATED_DATE) values (139,'John','Seo','John.Seo@gmail.com','650.121.2019',to_date('12-02-98','DD-MM-RR'),'ST_CLERK',2700,null,123,50,to_timestamp('16-06-24 9:37:58.000000000 PM','DD-MM-RR fmHH12:fmMI:SSXFF AM'),null);
Insert into SIVAACADEMY.EMPLOYEES (EMPLOYEE_ID,FIRST_NAME,LAST_NAME,EMAIL,PHONE_NUMBER,HIRE_DATE,JOB_ID,SALARY,COMMISSION_PCT,MANAGER_ID,DEPARTMENT_ID,CREATED_DATE,UPDATED_DATE) values (140,'Joshua','Patel','Joshua.Patel@gmail.com','650.121.1834',to_date('06-04-98','DD-MM-RR'),'ST_CLERK',2500,null,123,50,to_timestamp('16-06-24 9:37:58.000000000 PM','DD-MM-RR fmHH12:fmMI:SSXFF AM'),null);
Insert into SIVAACADEMY.EMPLOYEES (EMPLOYEE_ID,FIRST_NAME,LAST_NAME,EMAIL,PHONE_NUMBER,HIRE_DATE,JOB_ID,SALARY,COMMISSION_PCT,MANAGER_ID,DEPARTMENT_ID,CREATED_DATE,UPDATED_DATE) values (142,'Curtis','Davies','Curtis.Davies@gmail.com','650.121.2994',to_date('29-01-97','DD-MM-RR'),'ST_CLERK',3100,null,124,50,to_timestamp('16-06-24 9:37:58.000000000 PM','DD-MM-RR fmHH12:fmMI:SSXFF AM'),null);
Insert into SIVAACADEMY.EMPLOYEES (EMPLOYEE_ID,FIRST_NAME,LAST_NAME,EMAIL,PHONE_NUMBER,HIRE_DATE,JOB_ID,SALARY,COMMISSION_PCT,MANAGER_ID,DEPARTMENT_ID,CREATED_DATE,UPDATED_DATE) values (145,'John','Russell','John.Russell@gmail.com','011.44.1344.429268',to_date('01-10-96','DD-MM-RR'),'SA_MAN',14000,0.4,100,80,to_timestamp('16-06-24 9:37:58.000000000 PM','DD-MM-RR fmHH12:fmMI:SSXFF AM'),null);
Insert into SIVAACADEMY.EMPLOYEES (EMPLOYEE_ID,FIRST_NAME,LAST_NAME,EMAIL,PHONE_NUMBER,HIRE_DATE,JOB_ID,SALARY,COMMISSION_PCT,MANAGER_ID,DEPARTMENT_ID,CREATED_DATE,UPDATED_DATE) values (146,'Karen','Partners','Karen.Partners@gmail.com','011.44.1344.467268',to_date('05-01-97','DD-MM-RR'),'SA_MAN',13500,0.3,100,80,to_timestamp('16-06-24 9:37:58.000000000 PM','DD-MM-RR fmHH12:fmMI:SSXFF AM'),null);
Insert into SIVAACADEMY.EMPLOYEES (EMPLOYEE_ID,FIRST_NAME,LAST_NAME,EMAIL,PHONE_NUMBER,HIRE_DATE,JOB_ID,SALARY,COMMISSION_PCT,MANAGER_ID,DEPARTMENT_ID,CREATED_DATE,UPDATED_DATE) values (147,'Alberto','Errazuriz','Alberto.Errazuriz@gmail.com','011.44.1344.429278',to_date('10-03-97','DD-MM-RR'),'SA_MAN',12000,0.3,100,80,to_timestamp('16-06-24 9:37:58.000000000 PM','DD-MM-RR fmHH12:fmMI:SSXFF AM'),null);
Insert into SIVAACADEMY.EMPLOYEES (EMPLOYEE_ID,FIRST_NAME,LAST_NAME,EMAIL,PHONE_NUMBER,HIRE_DATE,JOB_ID,SALARY,COMMISSION_PCT,MANAGER_ID,DEPARTMENT_ID,CREATED_DATE,UPDATED_DATE) values (148,'Gerald','Cambrault','Gerald.Cambrault@gmail.com','011.44.1344.619268',to_date('15-10-99','DD-MM-RR'),'SA_MAN',11000,0.3,100,80,to_timestamp('16-06-24 9:37:58.000000000 PM','DD-MM-RR fmHH12:fmMI:SSXFF AM'),null);
Insert into SIVAACADEMY.EMPLOYEES (EMPLOYEE_ID,FIRST_NAME,LAST_NAME,EMAIL,PHONE_NUMBER,HIRE_DATE,JOB_ID,SALARY,COMMISSION_PCT,MANAGER_ID,DEPARTMENT_ID,CREATED_DATE,UPDATED_DATE) values (150,'Peter','Tucker','Peter.Tucker@gmail.com','011.44.1344.129268',to_date('30-01-97','DD-MM-RR'),'SA_REP',10000,0.3,145,80,to_timestamp('16-06-24 9:37:58.000000000 PM','DD-MM-RR fmHH12:fmMI:SSXFF AM'),null);
Insert into SIVAACADEMY.EMPLOYEES (EMPLOYEE_ID,FIRST_NAME,LAST_NAME,EMAIL,PHONE_NUMBER,HIRE_DATE,JOB_ID,SALARY,COMMISSION_PCT,MANAGER_ID,DEPARTMENT_ID,CREATED_DATE,UPDATED_DATE) values (151,'David','Bernstein','DBernstein','011.44.1344.345268',to_date('24-03-97','DD-MM-RR'),'SA_REP',9500,0.25,145,80,to_timestamp('16-06-24 9:37:58.000000000 PM','DD-MM-RR fmHH12:fmMI:SSXFF AM'),null);
Insert into SIVAACADEMY.EMPLOYEES (EMPLOYEE_ID,FIRST_NAME,LAST_NAME,EMAIL,PHONE_NUMBER,HIRE_DATE,JOB_ID,SALARY,COMMISSION_PCT,MANAGER_ID,DEPARTMENT_ID,CREATED_DATE,UPDATED_DATE) values (152,'Peter','Hall','PHall','011.44.1344.478968',to_date('20-08-97','DD-MM-RR'),'SA_REP',9000,0.25,145,80,to_timestamp('16-06-24 9:37:58.000000000 PM','DD-MM-RR fmHH12:fmMI:SSXFF AM'),null);
Insert into SIVAACADEMY.EMPLOYEES (EMPLOYEE_ID,FIRST_NAME,LAST_NAME,EMAIL,PHONE_NUMBER,HIRE_DATE,JOB_ID,SALARY,COMMISSION_PCT,MANAGER_ID,DEPARTMENT_ID,CREATED_DATE,UPDATED_DATE) values (153,'Christopher','Olsen','COlsen','011.44.1344.498718',to_date('30-03-98','DD-MM-RR'),'SA_REP',8000,0.2,145,80,to_timestamp('16-06-24 9:37:58.000000000 PM','DD-MM-RR fmHH12:fmMI:SSXFF AM'),null);
Insert into SIVAACADEMY.EMPLOYEES (EMPLOYEE_ID,FIRST_NAME,LAST_NAME,EMAIL,PHONE_NUMBER,HIRE_DATE,JOB_ID,SALARY,COMMISSION_PCT,MANAGER_ID,DEPARTMENT_ID,CREATED_DATE,UPDATED_DATE) values (154,'Nanette','Cambrault','NCambrault','011.44.1344.987668',to_date('09-12-98','DD-MM-RR'),'SA_REP',7500,0.2,145,80,to_timestamp('16-06-24 9:37:58.000000000 PM','DD-MM-RR fmHH12:fmMI:SSXFF AM'),null);
Insert into SIVAACADEMY.EMPLOYEES (EMPLOYEE_ID,FIRST_NAME,LAST_NAME,EMAIL,PHONE_NUMBER,HIRE_DATE,JOB_ID,SALARY,COMMISSION_PCT,MANAGER_ID,DEPARTMENT_ID,CREATED_DATE,UPDATED_DATE) values (155,'Oliver','Tuvault','OTuvault','011.44.1344.486508',to_date('23-11-99','DD-MM-RR'),'SA_REP',7000,0.15,145,80,to_timestamp('16-06-24 9:37:58.000000000 PM','DD-MM-RR fmHH12:fmMI:SSXFF AM'),null);
Insert into SIVAACADEMY.EMPLOYEES (EMPLOYEE_ID,FIRST_NAME,LAST_NAME,EMAIL,PHONE_NUMBER,HIRE_DATE,JOB_ID,SALARY,COMMISSION_PCT,MANAGER_ID,DEPARTMENT_ID,CREATED_DATE,UPDATED_DATE) values (156,'Janette','King','JKing','011.44.1345.429268',to_date('30-01-96','DD-MM-RR'),'SA_REP',10000,0.35,146,80,to_timestamp('16-06-24 9:37:58.000000000 PM','DD-MM-RR fmHH12:fmMI:SSXFF AM'),null);
Insert into SIVAACADEMY.EMPLOYEES (EMPLOYEE_ID,FIRST_NAME,LAST_NAME,EMAIL,PHONE_NUMBER,HIRE_DATE,JOB_ID,SALARY,COMMISSION_PCT,MANAGER_ID,DEPARTMENT_ID,CREATED_DATE,UPDATED_DATE) values (157,'Patrick','Sully','PSully','011.44.1345.929268',to_date('04-03-96','DD-MM-RR'),'SA_REP',9500,0.35,146,80,to_timestamp('16-06-24 9:37:58.000000000 PM','DD-MM-RR fmHH12:fmMI:SSXFF AM'),null);
Insert into SIVAACADEMY.EMPLOYEES (EMPLOYEE_ID,FIRST_NAME,LAST_NAME,EMAIL,PHONE_NUMBER,HIRE_DATE,JOB_ID,SALARY,COMMISSION_PCT,MANAGER_ID,DEPARTMENT_ID,CREATED_DATE,UPDATED_DATE) values (158,'Allan','McEwen','AMcEwen','011.44.1345.829268',to_date('01-08-96','DD-MM-RR'),'SA_REP',9000,0.35,146,80,to_timestamp('16-06-24 9:37:58.000000000 PM','DD-MM-RR fmHH12:fmMI:SSXFF AM'),null);
Insert into SIVAACADEMY.EMPLOYEES (EMPLOYEE_ID,FIRST_NAME,LAST_NAME,EMAIL,PHONE_NUMBER,HIRE_DATE,JOB_ID,SALARY,COMMISSION_PCT,MANAGER_ID,DEPARTMENT_ID,CREATED_DATE,UPDATED_DATE) values (159,'Lindsey','Smith','LSmith','011.44.1345.729268',to_date('10-03-97','DD-MM-RR'),'SA_REP',8000,0.3,146,80,to_timestamp('16-06-24 9:37:58.000000000 PM','DD-MM-RR fmHH12:fmMI:SSXFF AM'),null);
Insert into SIVAACADEMY.EMPLOYEES (EMPLOYEE_ID,FIRST_NAME,LAST_NAME,EMAIL,PHONE_NUMBER,HIRE_DATE,JOB_ID,SALARY,COMMISSION_PCT,MANAGER_ID,DEPARTMENT_ID,CREATED_DATE,UPDATED_DATE) values (160,'Louise','Doran','LDoran','011.44.1345.629268',to_date('15-12-97','DD-MM-RR'),'SA_REP',7500,0.3,146,80,to_timestamp('16-06-24 9:37:58.000000000 PM','DD-MM-RR fmHH12:fmMI:SSXFF AM'),null);
Insert into SIVAACADEMY.EMPLOYEES (EMPLOYEE_ID,FIRST_NAME,LAST_NAME,EMAIL,PHONE_NUMBER,HIRE_DATE,JOB_ID,SALARY,COMMISSION_PCT,MANAGER_ID,DEPARTMENT_ID,CREATED_DATE,UPDATED_DATE) values (161,'Sarath','Sewall','SSewall','011.44.1345.529268',to_date('03-11-98','DD-MM-RR'),'SA_REP',7000,0.25,146,80,to_timestamp('16-06-24 9:37:58.000000000 PM','DD-MM-RR fmHH12:fmMI:SSXFF AM'),null);
Insert into SIVAACADEMY.EMPLOYEES (EMPLOYEE_ID,FIRST_NAME,LAST_NAME,EMAIL,PHONE_NUMBER,HIRE_DATE,JOB_ID,SALARY,COMMISSION_PCT,MANAGER_ID,DEPARTMENT_ID,CREATED_DATE,UPDATED_DATE) values (162,'Clara','Vishney','CVishney','011.44.1346.129268',to_date('11-11-97','DD-MM-RR'),'SA_REP',10500,0.25,147,80,to_timestamp('16-06-24 9:37:58.000000000 PM','DD-MM-RR fmHH12:fmMI:SSXFF AM'),null);
Insert into SIVAACADEMY.EMPLOYEES (EMPLOYEE_ID,FIRST_NAME,LAST_NAME,EMAIL,PHONE_NUMBER,HIRE_DATE,JOB_ID,SALARY,COMMISSION_PCT,MANAGER_ID,DEPARTMENT_ID,CREATED_DATE,UPDATED_DATE) values (163,'Danielle','Greene','DGreene','011.44.1346.229268',to_date('19-03-99','DD-MM-RR'),'SA_REP',9500,0.15,147,80,to_timestamp('16-06-24 9:37:58.000000000 PM','DD-MM-RR fmHH12:fmMI:SSXFF AM'),null);
Insert into SIVAACADEMY.EMPLOYEES (EMPLOYEE_ID,FIRST_NAME,LAST_NAME,EMAIL,PHONE_NUMBER,HIRE_DATE,JOB_ID,SALARY,COMMISSION_PCT,MANAGER_ID,DEPARTMENT_ID,CREATED_DATE,UPDATED_DATE) values (164,'Mattea','Marvins','MMarvins','011.44.1346.329268',to_date('24-01-00','DD-MM-RR'),'SA_REP',7200,0.1,147,80,to_timestamp('16-06-24 9:37:58.000000000 PM','DD-MM-RR fmHH12:fmMI:SSXFF AM'),null);
Insert into SIVAACADEMY.EMPLOYEES (EMPLOYEE_ID,FIRST_NAME,LAST_NAME,EMAIL,PHONE_NUMBER,HIRE_DATE,JOB_ID,SALARY,COMMISSION_PCT,MANAGER_ID,DEPARTMENT_ID,CREATED_DATE,UPDATED_DATE) values (165,'David','Lee','DLee','011.44.1346.529268',to_date('23-02-00','DD-MM-RR'),'SA_REP',6800,0.1,147,80,to_timestamp('16-06-24 9:37:58.000000000 PM','DD-MM-RR fmHH12:fmMI:SSXFF AM'),null);
Insert into SIVAACADEMY.EMPLOYEES (EMPLOYEE_ID,FIRST_NAME,LAST_NAME,EMAIL,PHONE_NUMBER,HIRE_DATE,JOB_ID,SALARY,COMMISSION_PCT,MANAGER_ID,DEPARTMENT_ID,CREATED_DATE,UPDATED_DATE) values (166,'Sundar','Ande','SAnde','011.44.1346.629268',to_date('24-03-00','DD-MM-RR'),'SA_REP',6400,0.1,147,80,to_timestamp('16-06-24 9:37:58.000000000 PM','DD-MM-RR fmHH12:fmMI:SSXFF AM'),null);
Insert into SIVAACADEMY.EMPLOYEES (EMPLOYEE_ID,FIRST_NAME,LAST_NAME,EMAIL,PHONE_NUMBER,HIRE_DATE,JOB_ID,SALARY,COMMISSION_PCT,MANAGER_ID,DEPARTMENT_ID,CREATED_DATE,UPDATED_DATE) values (167,'Amit','Banda','ABanda','011.44.1346.729268',to_date('21-04-00','DD-MM-RR'),'SA_REP',6200,0.1,147,80,to_timestamp('16-06-24 9:37:58.000000000 PM','DD-MM-RR fmHH12:fmMI:SSXFF AM'),null);
Insert into SIVAACADEMY.EMPLOYEES (EMPLOYEE_ID,FIRST_NAME,LAST_NAME,EMAIL,PHONE_NUMBER,HIRE_DATE,JOB_ID,SALARY,COMMISSION_PCT,MANAGER_ID,DEPARTMENT_ID,CREATED_DATE,UPDATED_DATE) values (168,'Lisa','Ozer','LOzer','011.44.1343.929268',to_date('11-03-97','DD-MM-RR'),'SA_REP',11500,0.25,148,80,to_timestamp('16-06-24 9:37:58.000000000 PM','DD-MM-RR fmHH12:fmMI:SSXFF AM'),null);
Insert into SIVAACADEMY.EMPLOYEES (EMPLOYEE_ID,FIRST_NAME,LAST_NAME,EMAIL,PHONE_NUMBER,HIRE_DATE,JOB_ID,SALARY,COMMISSION_PCT,MANAGER_ID,DEPARTMENT_ID,CREATED_DATE,UPDATED_DATE) values (169,'Harrison','Bloom','HBloom','011.44.1343.829268',to_date('23-03-98','DD-MM-RR'),'SA_REP',10000,0.2,148,80,to_timestamp('16-06-24 9:37:58.000000000 PM','DD-MM-RR fmHH12:fmMI:SSXFF AM'),null);
Insert into SIVAACADEMY.EMPLOYEES (EMPLOYEE_ID,FIRST_NAME,LAST_NAME,EMAIL,PHONE_NUMBER,HIRE_DATE,JOB_ID,SALARY,COMMISSION_PCT,MANAGER_ID,DEPARTMENT_ID,CREATED_DATE,UPDATED_DATE) values (170,'Tayler','Fox','TFox','011.44.1343.729268',to_date('24-01-98','DD-MM-RR'),'SA_REP',9600,0.2,148,80,to_timestamp('16-06-24 9:37:58.000000000 PM','DD-MM-RR fmHH12:fmMI:SSXFF AM'),null);
Insert into SIVAACADEMY.EMPLOYEES (EMPLOYEE_ID,FIRST_NAME,LAST_NAME,EMAIL,PHONE_NUMBER,HIRE_DATE,JOB_ID,SALARY,COMMISSION_PCT,MANAGER_ID,DEPARTMENT_ID,CREATED_DATE,UPDATED_DATE) values (171,'William','Smith','WSmith','011.44.1343.629268',to_date('23-02-99','DD-MM-RR'),'SA_REP',7400,0.15,148,80,to_timestamp('16-06-24 9:37:58.000000000 PM','DD-MM-RR fmHH12:fmMI:SSXFF AM'),null);
Insert into SIVAACADEMY.EMPLOYEES (EMPLOYEE_ID,FIRST_NAME,LAST_NAME,EMAIL,PHONE_NUMBER,HIRE_DATE,JOB_ID,SALARY,COMMISSION_PCT,MANAGER_ID,DEPARTMENT_ID,CREATED_DATE,UPDATED_DATE) values (172,'Elizabeth','Bates','EBates','011.44.1343.529268',to_date('24-03-99','DD-MM-RR'),'SA_REP',7300,0.15,148,80,to_timestamp('16-06-24 9:37:58.000000000 PM','DD-MM-RR fmHH12:fmMI:SSXFF AM'),null);
Insert into SIVAACADEMY.EMPLOYEES (EMPLOYEE_ID,FIRST_NAME,LAST_NAME,EMAIL,PHONE_NUMBER,HIRE_DATE,JOB_ID,SALARY,COMMISSION_PCT,MANAGER_ID,DEPARTMENT_ID,CREATED_DATE,UPDATED_DATE) values (173,'Sundita','Kumar','SKumar','011.44.1343.329268',to_date('21-04-00','DD-MM-RR'),'SA_REP',6100,0.1,148,80,to_timestamp('16-06-24 9:37:58.000000000 PM','DD-MM-RR fmHH12:fmMI:SSXFF AM'),null);
Insert into SIVAACADEMY.EMPLOYEES (EMPLOYEE_ID,FIRST_NAME,LAST_NAME,EMAIL,PHONE_NUMBER,HIRE_DATE,JOB_ID,SALARY,COMMISSION_PCT,MANAGER_ID,DEPARTMENT_ID,CREATED_DATE,UPDATED_DATE) values (174,'Ellen','Abel','EAbel','011.44.1644.429267',to_date('11-05-96','DD-MM-RR'),'SA_REP',11000,0.3,149,80,to_timestamp('16-06-24 9:37:58.000000000 PM','DD-MM-RR fmHH12:fmMI:SSXFF AM'),null);
Insert into SIVAACADEMY.EMPLOYEES (EMPLOYEE_ID,FIRST_NAME,LAST_NAME,EMAIL,PHONE_NUMBER,HIRE_DATE,JOB_ID,SALARY,COMMISSION_PCT,MANAGER_ID,DEPARTMENT_ID,CREATED_DATE,UPDATED_DATE) values (175,'Alyssa','Hutton','AHutton','011.44.1644.429266',to_date('19-03-97','DD-MM-RR'),'SA_REP',8800,0.25,149,80,to_timestamp('16-06-24 9:37:58.000000000 PM','DD-MM-RR fmHH12:fmMI:SSXFF AM'),null);
Insert into SIVAACADEMY.EMPLOYEES (EMPLOYEE_ID,FIRST_NAME,LAST_NAME,EMAIL,PHONE_NUMBER,HIRE_DATE,JOB_ID,SALARY,COMMISSION_PCT,MANAGER_ID,DEPARTMENT_ID,CREATED_DATE,UPDATED_DATE) values (176,'Jonathon','Taylor','JTaylor','011.44.1644.429265',to_date('24-03-98','DD-MM-RR'),'SA_REP',8600,0.2,149,80,to_timestamp('16-06-24 9:37:58.000000000 PM','DD-MM-RR fmHH12:fmMI:SSXFF AM'),null);
Insert into SIVAACADEMY.EMPLOYEES (EMPLOYEE_ID,FIRST_NAME,LAST_NAME,EMAIL,PHONE_NUMBER,HIRE_DATE,JOB_ID,SALARY,COMMISSION_PCT,MANAGER_ID,DEPARTMENT_ID,CREATED_DATE,UPDATED_DATE) values (177,'Jack','Livingston','JLivingston','011.44.1644.429264',to_date('23-04-98','DD-MM-RR'),'SA_REP',8400,0.2,149,80,to_timestamp('16-06-24 9:37:58.000000000 PM','DD-MM-RR fmHH12:fmMI:SSXFF AM'),null);
Insert into SIVAACADEMY.EMPLOYEES (EMPLOYEE_ID,FIRST_NAME,LAST_NAME,EMAIL,PHONE_NUMBER,HIRE_DATE,JOB_ID,SALARY,COMMISSION_PCT,MANAGER_ID,DEPARTMENT_ID,CREATED_DATE,UPDATED_DATE) values (178,'Kimberely','Grant','KGrant','011.44.1644.429263',to_date('24-05-99','DD-MM-RR'),'SA_REP',7000,0.15,149,null,to_timestamp('16-06-24 9:37:58.000000000 PM','DD-MM-RR fmHH12:fmMI:SSXFF AM'),null);
Insert into SIVAACADEMY.EMPLOYEES (EMPLOYEE_ID,FIRST_NAME,LAST_NAME,EMAIL,PHONE_NUMBER,HIRE_DATE,JOB_ID,SALARY,COMMISSION_PCT,MANAGER_ID,DEPARTMENT_ID,CREATED_DATE,UPDATED_DATE) values (179,'Charles','Johnson','CJohnson','011.44.1644.429262',to_date('04-01-00','DD-MM-RR'),'SA_REP',6200,0.1,149,80,to_timestamp('16-06-24 9:37:58.000000000 PM','DD-MM-RR fmHH12:fmMI:SSXFF AM'),null);
Insert into SIVAACADEMY.EMPLOYEES (EMPLOYEE_ID,FIRST_NAME,LAST_NAME,EMAIL,PHONE_NUMBER,HIRE_DATE,JOB_ID,SALARY,COMMISSION_PCT,MANAGER_ID,DEPARTMENT_ID,CREATED_DATE,UPDATED_DATE) values (181,'Jean','Fleaur','JFleaur','650.507.9877',to_date('23-02-98','DD-MM-RR'),'SH_CLERK',3100,null,120,50,to_timestamp('16-06-24 9:37:58.000000000 PM','DD-MM-RR fmHH12:fmMI:SSXFF AM'),null);
Insert into SIVAACADEMY.EMPLOYEES (EMPLOYEE_ID,FIRST_NAME,LAST_NAME,EMAIL,PHONE_NUMBER,HIRE_DATE,JOB_ID,SALARY,COMMISSION_PCT,MANAGER_ID,DEPARTMENT_ID,CREATED_DATE,UPDATED_DATE) values (182,'Martha','Sullivan','MSullivan','650.507.9878',to_date('21-06-99','DD-MM-RR'),'SH_CLERK',2500,null,120,50,to_timestamp('16-06-24 9:37:58.000000000 PM','DD-MM-RR fmHH12:fmMI:SSXFF AM'),null);
Insert into SIVAACADEMY.EMPLOYEES (EMPLOYEE_ID,FIRST_NAME,LAST_NAME,EMAIL,PHONE_NUMBER,HIRE_DATE,JOB_ID,SALARY,COMMISSION_PCT,MANAGER_ID,DEPARTMENT_ID,CREATED_DATE,UPDATED_DATE) values (183,'Girard','Geoni','GGeoni','650.507.9879',to_date('03-02-00','DD-MM-RR'),'SH_CLERK',2800,null,120,50,to_timestamp('16-06-24 9:37:58.000000000 PM','DD-MM-RR fmHH12:fmMI:SSXFF AM'),null);
Insert into SIVAACADEMY.EMPLOYEES (EMPLOYEE_ID,FIRST_NAME,LAST_NAME,EMAIL,PHONE_NUMBER,HIRE_DATE,JOB_ID,SALARY,COMMISSION_PCT,MANAGER_ID,DEPARTMENT_ID,CREATED_DATE,UPDATED_DATE) values (185,'Alexis','Bull','ABull','650.509.2876',to_date('20-02-97','DD-MM-RR'),'SH_CLERK',4100,null,121,50,to_timestamp('16-06-24 9:37:58.000000000 PM','DD-MM-RR fmHH12:fmMI:SSXFF AM'),null);
Insert into SIVAACADEMY.EMPLOYEES (EMPLOYEE_ID,FIRST_NAME,LAST_NAME,EMAIL,PHONE_NUMBER,HIRE_DATE,JOB_ID,SALARY,COMMISSION_PCT,MANAGER_ID,DEPARTMENT_ID,CREATED_DATE,UPDATED_DATE) values (186,'Julia','Dellinger','JDellinger','650.509.3876',to_date('24-06-98','DD-MM-RR'),'SH_CLERK',3400,null,121,50,to_timestamp('16-06-24 9:37:58.000000000 PM','DD-MM-RR fmHH12:fmMI:SSXFF AM'),null);
Insert into SIVAACADEMY.EMPLOYEES (EMPLOYEE_ID,FIRST_NAME,LAST_NAME,EMAIL,PHONE_NUMBER,HIRE_DATE,JOB_ID,SALARY,COMMISSION_PCT,MANAGER_ID,DEPARTMENT_ID,CREATED_DATE,UPDATED_DATE) values (187,'Anthony','Cabrio','ACabrio','650.509.4876',to_date('07-02-99','DD-MM-RR'),'SH_CLERK',3000,null,121,50,to_timestamp('16-06-24 9:37:58.000000000 PM','DD-MM-RR fmHH12:fmMI:SSXFF AM'),null);
Insert into SIVAACADEMY.EMPLOYEES (EMPLOYEE_ID,FIRST_NAME,LAST_NAME,EMAIL,PHONE_NUMBER,HIRE_DATE,JOB_ID,SALARY,COMMISSION_PCT,MANAGER_ID,DEPARTMENT_ID,CREATED_DATE,UPDATED_DATE) values (188,'Kelly','Chung','KChung','650.505.1876',to_date('14-06-97','DD-MM-RR'),'SH_CLERK',3800,null,122,50,to_timestamp('16-06-24 9:37:58.000000000 PM','DD-MM-RR fmHH12:fmMI:SSXFF AM'),null);
Insert into SIVAACADEMY.EMPLOYEES (EMPLOYEE_ID,FIRST_NAME,LAST_NAME,EMAIL,PHONE_NUMBER,HIRE_DATE,JOB_ID,SALARY,COMMISSION_PCT,MANAGER_ID,DEPARTMENT_ID,CREATED_DATE,UPDATED_DATE) values (189,'Jennifer','Dilly','JDilly','650.505.2876',to_date('13-08-97','DD-MM-RR'),'SH_CLERK',3600,null,122,50,to_timestamp('16-06-24 9:37:58.000000000 PM','DD-MM-RR fmHH12:fmMI:SSXFF AM'),null);
Insert into SIVAACADEMY.EMPLOYEES (EMPLOYEE_ID,FIRST_NAME,LAST_NAME,EMAIL,PHONE_NUMBER,HIRE_DATE,JOB_ID,SALARY,COMMISSION_PCT,MANAGER_ID,DEPARTMENT_ID,CREATED_DATE,UPDATED_DATE) values (190,'Timothy','Gates','TGates','650.505.3876',to_date('11-07-98','DD-MM-RR'),'SH_CLERK',2900,null,122,50,to_timestamp('16-06-24 9:37:58.000000000 PM','DD-MM-RR fmHH12:fmMI:SSXFF AM'),null);
Insert into SIVAACADEMY.EMPLOYEES (EMPLOYEE_ID,FIRST_NAME,LAST_NAME,EMAIL,PHONE_NUMBER,HIRE_DATE,JOB_ID,SALARY,COMMISSION_PCT,MANAGER_ID,DEPARTMENT_ID,CREATED_DATE,UPDATED_DATE) values (191,'Randall','Perkins','RPerkins','650.505.4876',to_date('19-12-99','DD-MM-RR'),'SH_CLERK',2500,null,122,50,to_timestamp('16-06-24 9:37:58.000000000 PM','DD-MM-RR fmHH12:fmMI:SSXFF AM'),null);
Insert into SIVAACADEMY.EMPLOYEES (EMPLOYEE_ID,FIRST_NAME,LAST_NAME,EMAIL,PHONE_NUMBER,HIRE_DATE,JOB_ID,SALARY,COMMISSION_PCT,MANAGER_ID,DEPARTMENT_ID,CREATED_DATE,UPDATED_DATE) values (192,'Sarah','Bell','SBell','650.501.1876',to_date('04-02-96','DD-MM-RR'),'SH_CLERK',4000,null,123,50,to_timestamp('16-06-24 9:37:58.000000000 PM','DD-MM-RR fmHH12:fmMI:SSXFF AM'),null);
Insert into SIVAACADEMY.EMPLOYEES (EMPLOYEE_ID,FIRST_NAME,LAST_NAME,EMAIL,PHONE_NUMBER,HIRE_DATE,JOB_ID,SALARY,COMMISSION_PCT,MANAGER_ID,DEPARTMENT_ID,CREATED_DATE,UPDATED_DATE) values (193,'Britney','Everett','BEverett','650.501.2876',to_date('03-03-97','DD-MM-RR'),'SH_CLERK',3900,null,123,50,to_timestamp('16-06-24 9:37:58.000000000 PM','DD-MM-RR fmHH12:fmMI:SSXFF AM'),null);
Insert into SIVAACADEMY.EMPLOYEES (EMPLOYEE_ID,FIRST_NAME,LAST_NAME,EMAIL,PHONE_NUMBER,HIRE_DATE,JOB_ID,SALARY,COMMISSION_PCT,MANAGER_ID,DEPARTMENT_ID,CREATED_DATE,UPDATED_DATE) values (194,'Samuel','McCain','SMcCain','650.501.3876',to_date('01-07-98','DD-MM-RR'),'SH_CLERK',3200,null,123,50,to_timestamp('16-06-24 9:37:58.000000000 PM','DD-MM-RR fmHH12:fmMI:SSXFF AM'),null);
Insert into SIVAACADEMY.EMPLOYEES (EMPLOYEE_ID,FIRST_NAME,LAST_NAME,EMAIL,PHONE_NUMBER,HIRE_DATE,JOB_ID,SALARY,COMMISSION_PCT,MANAGER_ID,DEPARTMENT_ID,CREATED_DATE,UPDATED_DATE) values (195,'Vance','Jones','VJones','650.501.4876',to_date('17-03-99','DD-MM-RR'),'SH_CLERK',2800,null,123,50,to_timestamp('16-06-24 9:37:58.000000000 PM','DD-MM-RR fmHH12:fmMI:SSXFF AM'),null);
Insert into SIVAACADEMY.EMPLOYEES (EMPLOYEE_ID,FIRST_NAME,LAST_NAME,EMAIL,PHONE_NUMBER,HIRE_DATE,JOB_ID,SALARY,COMMISSION_PCT,MANAGER_ID,DEPARTMENT_ID,CREATED_DATE,UPDATED_DATE) values (196,'Alana','Walsh','AWalsh','650.507.9811',to_date('24-04-98','DD-MM-RR'),'SH_CLERK',3100,null,124,50,to_timestamp('16-06-24 9:37:58.000000000 PM','DD-MM-RR fmHH12:fmMI:SSXFF AM'),null);
Insert into SIVAACADEMY.EMPLOYEES (EMPLOYEE_ID,FIRST_NAME,LAST_NAME,EMAIL,PHONE_NUMBER,HIRE_DATE,JOB_ID,SALARY,COMMISSION_PCT,MANAGER_ID,DEPARTMENT_ID,CREATED_DATE,UPDATED_DATE) values (197,'Kevin','Feeney','KFeeney','650.507.9822',to_date('23-05-98','DD-MM-RR'),'SH_CLERK',3000,null,124,50,to_timestamp('16-06-24 9:37:58.000000000 PM','DD-MM-RR fmHH12:fmMI:SSXFF AM'),null);
Insert into SIVAACADEMY.EMPLOYEES (EMPLOYEE_ID,FIRST_NAME,LAST_NAME,EMAIL,PHONE_NUMBER,HIRE_DATE,JOB_ID,SALARY,COMMISSION_PCT,MANAGER_ID,DEPARTMENT_ID,CREATED_DATE,UPDATED_DATE) values (198,'Donald','OConnell','DOConnell','650.507.9833',to_date('21-06-99','DD-MM-RR'),'SH_CLERK',2600,null,124,50,to_timestamp('16-06-24 9:37:58.000000000 PM','DD-MM-RR fmHH12:fmMI:SSXFF AM'),null);
Insert into SIVAACADEMY.EMPLOYEES (EMPLOYEE_ID,FIRST_NAME,LAST_NAME,EMAIL,PHONE_NUMBER,HIRE_DATE,JOB_ID,SALARY,COMMISSION_PCT,MANAGER_ID,DEPARTMENT_ID,CREATED_DATE,UPDATED_DATE) values (199,'Douglas','Grant','DGrant','650.507.9844',to_date('13-01-00','DD-MM-RR'),'SH_CLERK',2600,null,124,50,to_timestamp('16-06-24 9:37:58.000000000 PM','DD-MM-RR fmHH12:fmMI:SSXFF AM'),null);
Insert into SIVAACADEMY.EMPLOYEES (EMPLOYEE_ID,FIRST_NAME,LAST_NAME,EMAIL,PHONE_NUMBER,HIRE_DATE,JOB_ID,SALARY,COMMISSION_PCT,MANAGER_ID,DEPARTMENT_ID,CREATED_DATE,UPDATED_DATE) values (200,'Jennifer','Whalen','JWhalen','515.123.4444',to_date('17-09-87','DD-MM-RR'),'AD_ASST',4400,null,101,10,to_timestamp('16-06-24 9:37:58.000000000 PM','DD-MM-RR fmHH12:fmMI:SSXFF AM'),null);
Insert into SIVAACADEMY.EMPLOYEES (EMPLOYEE_ID,FIRST_NAME,LAST_NAME,EMAIL,PHONE_NUMBER,HIRE_DATE,JOB_ID,SALARY,COMMISSION_PCT,MANAGER_ID,DEPARTMENT_ID,CREATED_DATE,UPDATED_DATE) values (201,'Michael','Hartstein','MHartstein','515.123.5555',to_date('17-02-96','DD-MM-RR'),'MK_MAN',13000,null,100,20,to_timestamp('16-06-24 9:37:58.000000000 PM','DD-MM-RR fmHH12:fmMI:SSXFF AM'),null);
Insert into SIVAACADEMY.EMPLOYEES (EMPLOYEE_ID,FIRST_NAME,LAST_NAME,EMAIL,PHONE_NUMBER,HIRE_DATE,JOB_ID,SALARY,COMMISSION_PCT,MANAGER_ID,DEPARTMENT_ID,CREATED_DATE,UPDATED_DATE) values (202,'Pat','Fay','PFay','603.123.6666',to_date('17-08-97','DD-MM-RR'),'MK_REP',6000,null,201,20,to_timestamp('16-06-24 9:37:58.000000000 PM','DD-MM-RR fmHH12:fmMI:SSXFF AM'),null);
Insert into SIVAACADEMY.EMPLOYEES (EMPLOYEE_ID,FIRST_NAME,LAST_NAME,EMAIL,PHONE_NUMBER,HIRE_DATE,JOB_ID,SALARY,COMMISSION_PCT,MANAGER_ID,DEPARTMENT_ID,CREATED_DATE,UPDATED_DATE) values (203,'Susan','Mavris','SMavris','515.123.7777',to_date('07-06-94','DD-MM-RR'),'HR_REP',6500,null,101,40,to_timestamp('16-06-24 9:37:58.000000000 PM','DD-MM-RR fmHH12:fmMI:SSXFF AM'),null);
Insert into SIVAACADEMY.EMPLOYEES (EMPLOYEE_ID,FIRST_NAME,LAST_NAME,EMAIL,PHONE_NUMBER,HIRE_DATE,JOB_ID,SALARY,COMMISSION_PCT,MANAGER_ID,DEPARTMENT_ID,CREATED_DATE,UPDATED_DATE) values (204,'Hermann','Baer','HBaer','515.123.8888',to_date('07-06-94','DD-MM-RR'),'PR_REP',10000,null,101,70,to_timestamp('16-06-24 9:37:58.000000000 PM','DD-MM-RR fmHH12:fmMI:SSXFF AM'),null);
Insert into SIVAACADEMY.EMPLOYEES (EMPLOYEE_ID,FIRST_NAME,LAST_NAME,EMAIL,PHONE_NUMBER,HIRE_DATE,JOB_ID,SALARY,COMMISSION_PCT,MANAGER_ID,DEPARTMENT_ID,CREATED_DATE,UPDATED_DATE) values (205,'Shelley','Higgins','SHiggins','515.123.8080',to_date('07-06-94','DD-MM-RR'),'AC_MGR',12000,null,101,110,to_timestamp('16-06-24 9:37:58.000000000 PM','DD-MM-RR fmHH12:fmMI:SSXFF AM'),null);
Insert into SIVAACADEMY.EMPLOYEES (EMPLOYEE_ID,FIRST_NAME,LAST_NAME,EMAIL,PHONE_NUMBER,HIRE_DATE,JOB_ID,SALARY,COMMISSION_PCT,MANAGER_ID,DEPARTMENT_ID,CREATED_DATE,UPDATED_DATE) values (206,'William','Gietz','WGietz','515.123.8181',to_date('07-06-94','DD-MM-RR'),'AC_ACCOUNT',8300,null,205,110,to_timestamp('16-06-24 9:37:58.000000000 PM','DD-MM-RR fmHH12:fmMI:SSXFF AM'),null);
REM INSERTING into SIVAACADEMY.EMPLOYEES_BKP
SET DEFINE OFF;
Insert into SIVAACADEMY.EMPLOYEES_BKP (EMPLOYEE_ID,FIRST_NAME,LAST_NAME,EMAIL,PHONE_NUMBER,HIRE_DATE,JOB_ID,SALARY,COMMISSION_PCT,MANAGER_ID,DEPARTMENT_ID,CREATED_DATE,UPDATED_DATE) values (122,'Payam','Kaufling','Payam.Kaufling@gmail.com','650.123.3234',to_date('01-05-95','DD-MM-RR'),'ST_MAN',7900,null,100,50,to_timestamp('16-06-24 9:37:58.000000000 PM','DD-MM-RR fmHH12:fmMI:SSXFF AM'),null);
Insert into SIVAACADEMY.EMPLOYEES_BKP (EMPLOYEE_ID,FIRST_NAME,LAST_NAME,EMAIL,PHONE_NUMBER,HIRE_DATE,JOB_ID,SALARY,COMMISSION_PCT,MANAGER_ID,DEPARTMENT_ID,CREATED_DATE,UPDATED_DATE) values (123,'Shanta','Vollman','Shanta.Vollman@gmail.com','650.123.4234',to_date('10-10-97','DD-MM-RR'),'ST_MAN',6500,null,100,50,to_timestamp('16-06-24 9:37:58.000000000 PM','DD-MM-RR fmHH12:fmMI:SSXFF AM'),null);
Insert into SIVAACADEMY.EMPLOYEES_BKP (EMPLOYEE_ID,FIRST_NAME,LAST_NAME,EMAIL,PHONE_NUMBER,HIRE_DATE,JOB_ID,SALARY,COMMISSION_PCT,MANAGER_ID,DEPARTMENT_ID,CREATED_DATE,UPDATED_DATE) values (124,'Kevin','Mourgos','Kevin.Mourgos@gmail.com','650.123.5234',to_date('16-11-99','DD-MM-RR'),'ST_MAN',5800,null,100,50,to_timestamp('16-06-24 9:37:58.000000000 PM','DD-MM-RR fmHH12:fmMI:SSXFF AM'),null);
Insert into SIVAACADEMY.EMPLOYEES_BKP (EMPLOYEE_ID,FIRST_NAME,LAST_NAME,EMAIL,PHONE_NUMBER,HIRE_DATE,JOB_ID,SALARY,COMMISSION_PCT,MANAGER_ID,DEPARTMENT_ID,CREATED_DATE,UPDATED_DATE) values (126,'Irene','Mikkilineni','Irene.Mikkilineni@gmail.com','650.124.1224',to_date('28-09-98','DD-MM-RR'),'ST_CLERK',2700,null,120,50,to_timestamp('16-06-24 9:37:58.000000000 PM','DD-MM-RR fmHH12:fmMI:SSXFF AM'),null);
Insert into SIVAACADEMY.EMPLOYEES_BKP (EMPLOYEE_ID,FIRST_NAME,LAST_NAME,EMAIL,PHONE_NUMBER,HIRE_DATE,JOB_ID,SALARY,COMMISSION_PCT,MANAGER_ID,DEPARTMENT_ID,CREATED_DATE,UPDATED_DATE) values (127,'James','Landry','James.Landry@gmail.com','650.124.1334',to_date('14-01-99','DD-MM-RR'),'ST_CLERK',2400,null,120,50,to_timestamp('16-06-24 9:37:58.000000000 PM','DD-MM-RR fmHH12:fmMI:SSXFF AM'),null);
Insert into SIVAACADEMY.EMPLOYEES_BKP (EMPLOYEE_ID,FIRST_NAME,LAST_NAME,EMAIL,PHONE_NUMBER,HIRE_DATE,JOB_ID,SALARY,COMMISSION_PCT,MANAGER_ID,DEPARTMENT_ID,CREATED_DATE,UPDATED_DATE) values (128,'Steven','Markle','Steven.Markle@gmail.com','650.124.1434',to_date('08-03-00','DD-MM-RR'),'ST_CLERK',2200,null,120,50,to_timestamp('16-06-24 9:37:58.000000000 PM','DD-MM-RR fmHH12:fmMI:SSXFF AM'),null);
Insert into SIVAACADEMY.EMPLOYEES_BKP (EMPLOYEE_ID,FIRST_NAME,LAST_NAME,EMAIL,PHONE_NUMBER,HIRE_DATE,JOB_ID,SALARY,COMMISSION_PCT,MANAGER_ID,DEPARTMENT_ID,CREATED_DATE,UPDATED_DATE) values (129,'Laura','Bissot','Laura.Bissot@gmail.com','650.124.5234',to_date('20-08-97','DD-MM-RR'),'ST_CLERK',3300,null,121,50,to_timestamp('16-06-24 9:37:58.000000000 PM','DD-MM-RR fmHH12:fmMI:SSXFF AM'),null);
Insert into SIVAACADEMY.EMPLOYEES_BKP (EMPLOYEE_ID,FIRST_NAME,LAST_NAME,EMAIL,PHONE_NUMBER,HIRE_DATE,JOB_ID,SALARY,COMMISSION_PCT,MANAGER_ID,DEPARTMENT_ID,CREATED_DATE,UPDATED_DATE) values (130,'Mozhe','Atkinson','Mozhe.Atkinson@gmail.com','650.124.6234',to_date('30-10-97','DD-MM-RR'),'ST_CLERK',2800,null,121,50,to_timestamp('16-06-24 9:37:58.000000000 PM','DD-MM-RR fmHH12:fmMI:SSXFF AM'),null);
Insert into SIVAACADEMY.EMPLOYEES_BKP (EMPLOYEE_ID,FIRST_NAME,LAST_NAME,EMAIL,PHONE_NUMBER,HIRE_DATE,JOB_ID,SALARY,COMMISSION_PCT,MANAGER_ID,DEPARTMENT_ID,CREATED_DATE,UPDATED_DATE) values (131,'James','Marlow','James.Marlow@gmail.com','650.124.7234',to_date('16-02-97','DD-MM-RR'),'ST_CLERK',2500,null,121,50,to_timestamp('16-06-24 9:37:58.000000000 PM','DD-MM-RR fmHH12:fmMI:SSXFF AM'),null);
Insert into SIVAACADEMY.EMPLOYEES_BKP (EMPLOYEE_ID,FIRST_NAME,LAST_NAME,EMAIL,PHONE_NUMBER,HIRE_DATE,JOB_ID,SALARY,COMMISSION_PCT,MANAGER_ID,DEPARTMENT_ID,CREATED_DATE,UPDATED_DATE) values (132,'TJ','Olson','TJ.Olson@gmail.com','650.124.8234',to_date('10-04-99','DD-MM-RR'),'ST_CLERK',2100,null,121,50,to_timestamp('16-06-24 9:37:58.000000000 PM','DD-MM-RR fmHH12:fmMI:SSXFF AM'),null);
Insert into SIVAACADEMY.EMPLOYEES_BKP (EMPLOYEE_ID,FIRST_NAME,LAST_NAME,EMAIL,PHONE_NUMBER,HIRE_DATE,JOB_ID,SALARY,COMMISSION_PCT,MANAGER_ID,DEPARTMENT_ID,CREATED_DATE,UPDATED_DATE) values (134,'Michael','Rogers','Michael.Rogers@gmail.com','650.127.1834',to_date('26-08-98','DD-MM-RR'),'ST_CLERK',2900,null,122,50,to_timestamp('16-06-24 9:37:58.000000000 PM','DD-MM-RR fmHH12:fmMI:SSXFF AM'),null);
Insert into SIVAACADEMY.EMPLOYEES_BKP (EMPLOYEE_ID,FIRST_NAME,LAST_NAME,EMAIL,PHONE_NUMBER,HIRE_DATE,JOB_ID,SALARY,COMMISSION_PCT,MANAGER_ID,DEPARTMENT_ID,CREATED_DATE,UPDATED_DATE) values (135,'Ki','Gee','Ki.Gee@gmail.com','650.127.1734',to_date('12-12-99','DD-MM-RR'),'ST_CLERK',2400,null,122,50,to_timestamp('16-06-24 9:37:58.000000000 PM','DD-MM-RR fmHH12:fmMI:SSXFF AM'),null);
Insert into SIVAACADEMY.EMPLOYEES_BKP (EMPLOYEE_ID,FIRST_NAME,LAST_NAME,EMAIL,PHONE_NUMBER,HIRE_DATE,JOB_ID,SALARY,COMMISSION_PCT,MANAGER_ID,DEPARTMENT_ID,CREATED_DATE,UPDATED_DATE) values (136,'Hazel','Philtanker','Hazel.Philtanker@gmail.com','650.127.1634',to_date('06-02-00','DD-MM-RR'),'ST_CLERK',2200,null,122,50,to_timestamp('16-06-24 9:37:58.000000000 PM','DD-MM-RR fmHH12:fmMI:SSXFF AM'),null);
Insert into SIVAACADEMY.EMPLOYEES_BKP (EMPLOYEE_ID,FIRST_NAME,LAST_NAME,EMAIL,PHONE_NUMBER,HIRE_DATE,JOB_ID,SALARY,COMMISSION_PCT,MANAGER_ID,DEPARTMENT_ID,CREATED_DATE,UPDATED_DATE) values (137,'Renske','Ladwig','Renske.Ladwig@gmail.com','650.121.1234',to_date('14-07-95','DD-MM-RR'),'ST_CLERK',3600,null,123,50,to_timestamp('16-06-24 9:37:58.000000000 PM','DD-MM-RR fmHH12:fmMI:SSXFF AM'),null);
Insert into SIVAACADEMY.EMPLOYEES_BKP (EMPLOYEE_ID,FIRST_NAME,LAST_NAME,EMAIL,PHONE_NUMBER,HIRE_DATE,JOB_ID,SALARY,COMMISSION_PCT,MANAGER_ID,DEPARTMENT_ID,CREATED_DATE,UPDATED_DATE) values (139,'John','Seo','John.Seo@gmail.com','650.121.2019',to_date('12-02-98','DD-MM-RR'),'ST_CLERK',2700,null,123,50,to_timestamp('16-06-24 9:37:58.000000000 PM','DD-MM-RR fmHH12:fmMI:SSXFF AM'),null);
Insert into SIVAACADEMY.EMPLOYEES_BKP (EMPLOYEE_ID,FIRST_NAME,LAST_NAME,EMAIL,PHONE_NUMBER,HIRE_DATE,JOB_ID,SALARY,COMMISSION_PCT,MANAGER_ID,DEPARTMENT_ID,CREATED_DATE,UPDATED_DATE) values (140,'Joshua','Patel','Joshua.Patel@gmail.com','650.121.1834',to_date('06-04-98','DD-MM-RR'),'ST_CLERK',2500,null,123,50,to_timestamp('16-06-24 9:37:58.000000000 PM','DD-MM-RR fmHH12:fmMI:SSXFF AM'),null);
Insert into SIVAACADEMY.EMPLOYEES_BKP (EMPLOYEE_ID,FIRST_NAME,LAST_NAME,EMAIL,PHONE_NUMBER,HIRE_DATE,JOB_ID,SALARY,COMMISSION_PCT,MANAGER_ID,DEPARTMENT_ID,CREATED_DATE,UPDATED_DATE) values (142,'Curtis','Davies','Curtis.Davies@gmail.com','650.121.2994',to_date('29-01-97','DD-MM-RR'),'ST_CLERK',3100,null,124,50,to_timestamp('16-06-24 9:37:58.000000000 PM','DD-MM-RR fmHH12:fmMI:SSXFF AM'),null);
Insert into SIVAACADEMY.EMPLOYEES_BKP (EMPLOYEE_ID,FIRST_NAME,LAST_NAME,EMAIL,PHONE_NUMBER,HIRE_DATE,JOB_ID,SALARY,COMMISSION_PCT,MANAGER_ID,DEPARTMENT_ID,CREATED_DATE,UPDATED_DATE) values (145,'John','Russell','John.Russell@gmail.com','011.44.1344.429268',to_date('01-10-96','DD-MM-RR'),'SA_MAN',14000,0.4,100,80,to_timestamp('16-06-24 9:37:58.000000000 PM','DD-MM-RR fmHH12:fmMI:SSXFF AM'),null);
Insert into SIVAACADEMY.EMPLOYEES_BKP (EMPLOYEE_ID,FIRST_NAME,LAST_NAME,EMAIL,PHONE_NUMBER,HIRE_DATE,JOB_ID,SALARY,COMMISSION_PCT,MANAGER_ID,DEPARTMENT_ID,CREATED_DATE,UPDATED_DATE) values (146,'Karen','Partners','Karen.Partners@gmail.com','011.44.1344.467268',to_date('05-01-97','DD-MM-RR'),'SA_MAN',13500,0.3,100,80,to_timestamp('16-06-24 9:37:58.000000000 PM','DD-MM-RR fmHH12:fmMI:SSXFF AM'),null);
Insert into SIVAACADEMY.EMPLOYEES_BKP (EMPLOYEE_ID,FIRST_NAME,LAST_NAME,EMAIL,PHONE_NUMBER,HIRE_DATE,JOB_ID,SALARY,COMMISSION_PCT,MANAGER_ID,DEPARTMENT_ID,CREATED_DATE,UPDATED_DATE) values (147,'Alberto','Errazuriz','Alberto.Errazuriz@gmail.com','011.44.1344.429278',to_date('10-03-97','DD-MM-RR'),'SA_MAN',12000,0.3,100,80,to_timestamp('16-06-24 9:37:58.000000000 PM','DD-MM-RR fmHH12:fmMI:SSXFF AM'),null);
Insert into SIVAACADEMY.EMPLOYEES_BKP (EMPLOYEE_ID,FIRST_NAME,LAST_NAME,EMAIL,PHONE_NUMBER,HIRE_DATE,JOB_ID,SALARY,COMMISSION_PCT,MANAGER_ID,DEPARTMENT_ID,CREATED_DATE,UPDATED_DATE) values (148,'Gerald','Cambrault','Gerald.Cambrault@gmail.com','011.44.1344.619268',to_date('15-10-99','DD-MM-RR'),'SA_MAN',11000,0.3,100,80,to_timestamp('16-06-24 9:37:58.000000000 PM','DD-MM-RR fmHH12:fmMI:SSXFF AM'),null);
Insert into SIVAACADEMY.EMPLOYEES_BKP (EMPLOYEE_ID,FIRST_NAME,LAST_NAME,EMAIL,PHONE_NUMBER,HIRE_DATE,JOB_ID,SALARY,COMMISSION_PCT,MANAGER_ID,DEPARTMENT_ID,CREATED_DATE,UPDATED_DATE) values (150,'Peter','Tucker','Peter.Tucker@gmail.com','011.44.1344.129268',to_date('30-01-97','DD-MM-RR'),'SA_REP',10000,0.3,145,80,to_timestamp('16-06-24 9:37:58.000000000 PM','DD-MM-RR fmHH12:fmMI:SSXFF AM'),null);
Insert into SIVAACADEMY.EMPLOYEES_BKP (EMPLOYEE_ID,FIRST_NAME,LAST_NAME,EMAIL,PHONE_NUMBER,HIRE_DATE,JOB_ID,SALARY,COMMISSION_PCT,MANAGER_ID,DEPARTMENT_ID,CREATED_DATE,UPDATED_DATE) values (133,'Jason','Mallin','Jason.Mallin@gmail.com','650.127.1934',to_date('14-06-96','DD-MM-RR'),'ST_CLERK',3300,null,122,50,to_timestamp('16-06-24 9:37:58.000000000 PM','DD-MM-RR fmHH12:fmMI:SSXFF AM'),null);
Insert into SIVAACADEMY.EMPLOYEES_BKP (EMPLOYEE_ID,FIRST_NAME,LAST_NAME,EMAIL,PHONE_NUMBER,HIRE_DATE,JOB_ID,SALARY,COMMISSION_PCT,MANAGER_ID,DEPARTMENT_ID,CREATED_DATE,UPDATED_DATE) values (143,'Randall','Matos','Randall.Matos@gmail.com','650.121.2874',to_date('15-03-98','DD-MM-RR'),'ST_CLERK',2600,null,124,50,to_timestamp('16-06-24 9:37:58.000000000 PM','DD-MM-RR fmHH12:fmMI:SSXFF AM'),null);
Insert into SIVAACADEMY.EMPLOYEES_BKP (EMPLOYEE_ID,FIRST_NAME,LAST_NAME,EMAIL,PHONE_NUMBER,HIRE_DATE,JOB_ID,SALARY,COMMISSION_PCT,MANAGER_ID,DEPARTMENT_ID,CREATED_DATE,UPDATED_DATE) values (125,'Julia','Nayer','Julia.Nayer@gmail.com','650.124.1214',to_date('16-07-97','DD-MM-RR'),'ST_CLERK',3200,null,120,50,to_timestamp('16-06-24 9:37:58.000000000 PM','DD-MM-RR fmHH12:fmMI:SSXFF AM'),null);
Insert into SIVAACADEMY.EMPLOYEES_BKP (EMPLOYEE_ID,FIRST_NAME,LAST_NAME,EMAIL,PHONE_NUMBER,HIRE_DATE,JOB_ID,SALARY,COMMISSION_PCT,MANAGER_ID,DEPARTMENT_ID,CREATED_DATE,UPDATED_DATE) values (106,'Valli','Pataballa','Valli.Pataballa@gmail.com','590.423.4560',to_date('05-02-98','DD-MM-RR'),'IT_PROG',4800,null,103,60,to_timestamp('16-06-24 9:37:58.000000000 PM','DD-MM-RR fmHH12:fmMI:SSXFF AM'),null);
Insert into SIVAACADEMY.EMPLOYEES_BKP (EMPLOYEE_ID,FIRST_NAME,LAST_NAME,EMAIL,PHONE_NUMBER,HIRE_DATE,JOB_ID,SALARY,COMMISSION_PCT,MANAGER_ID,DEPARTMENT_ID,CREATED_DATE,UPDATED_DATE) values (141,'Trenna','Rajs','Trenna.Rajs@gmail.com','650.121.8009',to_date('17-10-95','DD-MM-RR'),'ST_CLERK',3500,null,124,50,to_timestamp('16-06-24 9:37:58.000000000 PM','DD-MM-RR fmHH12:fmMI:SSXFF AM'),null);
Insert into SIVAACADEMY.EMPLOYEES_BKP (EMPLOYEE_ID,FIRST_NAME,LAST_NAME,EMAIL,PHONE_NUMBER,HIRE_DATE,JOB_ID,SALARY,COMMISSION_PCT,MANAGER_ID,DEPARTMENT_ID,CREATED_DATE,UPDATED_DATE) values (138,'Stephen','Stiles','Stephen.Stiles@gmail.com','650.121.2034',to_date('26-10-97','DD-MM-RR'),'ST_CLERK',3200,null,123,50,to_timestamp('16-06-24 9:37:58.000000000 PM','DD-MM-RR fmHH12:fmMI:SSXFF AM'),null);
Insert into SIVAACADEMY.EMPLOYEES_BKP (EMPLOYEE_ID,FIRST_NAME,LAST_NAME,EMAIL,PHONE_NUMBER,HIRE_DATE,JOB_ID,SALARY,COMMISSION_PCT,MANAGER_ID,DEPARTMENT_ID,CREATED_DATE,UPDATED_DATE) values (144,'Peter','Vargas','Peter.Vargas@gmail.com','650.121.2004',to_date('09-07-98','DD-MM-RR'),'ST_CLERK',2500,null,124,50,to_timestamp('16-06-24 9:37:58.000000000 PM','DD-MM-RR fmHH12:fmMI:SSXFF AM'),null);
Insert into SIVAACADEMY.EMPLOYEES_BKP (EMPLOYEE_ID,FIRST_NAME,LAST_NAME,EMAIL,PHONE_NUMBER,HIRE_DATE,JOB_ID,SALARY,COMMISSION_PCT,MANAGER_ID,DEPARTMENT_ID,CREATED_DATE,UPDATED_DATE) values (149,'Eleni','Zlotkey','Eleni.Zlotkey@gmail.com','011.44.1344.429018',to_date('29-01-00','DD-MM-RR'),'SA_MAN',10500,0.2,100,80,to_timestamp('16-06-24 9:37:58.000000000 PM','DD-MM-RR fmHH12:fmMI:SSXFF AM'),null);
Insert into SIVAACADEMY.EMPLOYEES_BKP (EMPLOYEE_ID,FIRST_NAME,LAST_NAME,EMAIL,PHONE_NUMBER,HIRE_DATE,JOB_ID,SALARY,COMMISSION_PCT,MANAGER_ID,DEPARTMENT_ID,CREATED_DATE,UPDATED_DATE) values (100,'Steven','King','Steven.King@gmail.com','515.123.4567',to_date('17-06-87','DD-MM-RR'),'AD_PRES',24000,null,null,90,to_timestamp('16-06-24 9:37:58.000000000 PM','DD-MM-RR fmHH12:fmMI:SSXFF AM'),null);
Insert into SIVAACADEMY.EMPLOYEES_BKP (EMPLOYEE_ID,FIRST_NAME,LAST_NAME,EMAIL,PHONE_NUMBER,HIRE_DATE,JOB_ID,SALARY,COMMISSION_PCT,MANAGER_ID,DEPARTMENT_ID,CREATED_DATE,UPDATED_DATE) values (101,'Neena','Kochhar','Neena.Kochhar@gmail.com','515.123.4568',to_date('21-09-89','DD-MM-RR'),'AD_VP',17000,null,100,90,to_timestamp('16-06-24 9:37:58.000000000 PM','DD-MM-RR fmHH12:fmMI:SSXFF AM'),null);
Insert into SIVAACADEMY.EMPLOYEES_BKP (EMPLOYEE_ID,FIRST_NAME,LAST_NAME,EMAIL,PHONE_NUMBER,HIRE_DATE,JOB_ID,SALARY,COMMISSION_PCT,MANAGER_ID,DEPARTMENT_ID,CREATED_DATE,UPDATED_DATE) values (103,'Alexander','Hunold','Alexander.Hunold@gmail.com','590.423.4567',to_date('03-01-90','DD-MM-RR'),'IT_PROG',9000,null,102,60,to_timestamp('16-06-24 9:37:58.000000000 PM','DD-MM-RR fmHH12:fmMI:SSXFF AM'),null);
Insert into SIVAACADEMY.EMPLOYEES_BKP (EMPLOYEE_ID,FIRST_NAME,LAST_NAME,EMAIL,PHONE_NUMBER,HIRE_DATE,JOB_ID,SALARY,COMMISSION_PCT,MANAGER_ID,DEPARTMENT_ID,CREATED_DATE,UPDATED_DATE) values (104,'Bruce','Ernst','Bruce.Ernst@gmail.com','590.423.4568',to_date('21-05-91','DD-MM-RR'),'IT_PROG',6000,null,103,60,to_timestamp('16-06-24 9:37:58.000000000 PM','DD-MM-RR fmHH12:fmMI:SSXFF AM'),null);
Insert into SIVAACADEMY.EMPLOYEES_BKP (EMPLOYEE_ID,FIRST_NAME,LAST_NAME,EMAIL,PHONE_NUMBER,HIRE_DATE,JOB_ID,SALARY,COMMISSION_PCT,MANAGER_ID,DEPARTMENT_ID,CREATED_DATE,UPDATED_DATE) values (105,'David','Austin','David.Austin@gmail.com','590.423.4569',to_date('25-06-97','DD-MM-RR'),'IT_PROG',4800,null,103,60,to_timestamp('16-06-24 9:37:58.000000000 PM','DD-MM-RR fmHH12:fmMI:SSXFF AM'),null);
Insert into SIVAACADEMY.EMPLOYEES_BKP (EMPLOYEE_ID,FIRST_NAME,LAST_NAME,EMAIL,PHONE_NUMBER,HIRE_DATE,JOB_ID,SALARY,COMMISSION_PCT,MANAGER_ID,DEPARTMENT_ID,CREATED_DATE,UPDATED_DATE) values (107,'Diana','Lorentz','Diana.Lorentz@gmail.com','590.423.5567',to_date('07-02-99','DD-MM-RR'),'IT_PROG',4200,null,103,60,to_timestamp('16-06-24 9:37:58.000000000 PM','DD-MM-RR fmHH12:fmMI:SSXFF AM'),null);
Insert into SIVAACADEMY.EMPLOYEES_BKP (EMPLOYEE_ID,FIRST_NAME,LAST_NAME,EMAIL,PHONE_NUMBER,HIRE_DATE,JOB_ID,SALARY,COMMISSION_PCT,MANAGER_ID,DEPARTMENT_ID,CREATED_DATE,UPDATED_DATE) values (108,'Nancy','Greenberg','Nancy.Greenberg@gmail.com','515.124.4569',to_date('17-08-94','DD-MM-RR'),'FI_MGR',12000,null,101,100,to_timestamp('16-06-24 9:37:58.000000000 PM','DD-MM-RR fmHH12:fmMI:SSXFF AM'),null);
Insert into SIVAACADEMY.EMPLOYEES_BKP (EMPLOYEE_ID,FIRST_NAME,LAST_NAME,EMAIL,PHONE_NUMBER,HIRE_DATE,JOB_ID,SALARY,COMMISSION_PCT,MANAGER_ID,DEPARTMENT_ID,CREATED_DATE,UPDATED_DATE) values (109,'Daniel','Faviet','Daniel.Faviet@gmail.com','515.124.4169',to_date('16-08-94','DD-MM-RR'),'FI_ACCOUNT',9000,null,108,100,to_timestamp('16-06-24 9:37:58.000000000 PM','DD-MM-RR fmHH12:fmMI:SSXFF AM'),null);
Insert into SIVAACADEMY.EMPLOYEES_BKP (EMPLOYEE_ID,FIRST_NAME,LAST_NAME,EMAIL,PHONE_NUMBER,HIRE_DATE,JOB_ID,SALARY,COMMISSION_PCT,MANAGER_ID,DEPARTMENT_ID,CREATED_DATE,UPDATED_DATE) values (110,'John','Chen','John.Chen@gmail.com','515.124.4269',to_date('28-09-97','DD-MM-RR'),'FI_ACCOUNT',8200,null,108,100,to_timestamp('16-06-24 9:37:58.000000000 PM','DD-MM-RR fmHH12:fmMI:SSXFF AM'),null);
Insert into SIVAACADEMY.EMPLOYEES_BKP (EMPLOYEE_ID,FIRST_NAME,LAST_NAME,EMAIL,PHONE_NUMBER,HIRE_DATE,JOB_ID,SALARY,COMMISSION_PCT,MANAGER_ID,DEPARTMENT_ID,CREATED_DATE,UPDATED_DATE) values (111,'Ismael','Sciarra','Ismael.Sciarra@gmail.com','515.124.4369',to_date('30-09-97','DD-MM-RR'),'FI_ACCOUNT',7700,null,108,100,to_timestamp('16-06-24 9:37:58.000000000 PM','DD-MM-RR fmHH12:fmMI:SSXFF AM'),null);
Insert into SIVAACADEMY.EMPLOYEES_BKP (EMPLOYEE_ID,FIRST_NAME,LAST_NAME,EMAIL,PHONE_NUMBER,HIRE_DATE,JOB_ID,SALARY,COMMISSION_PCT,MANAGER_ID,DEPARTMENT_ID,CREATED_DATE,UPDATED_DATE) values (113,'Luis','Popp','Luis.Popp@gmail.com','515.124.4567',to_date('07-12-99','DD-MM-RR'),'FI_ACCOUNT',6900,null,108,100,to_timestamp('16-06-24 9:37:58.000000000 PM','DD-MM-RR fmHH12:fmMI:SSXFF AM'),null);
Insert into SIVAACADEMY.EMPLOYEES_BKP (EMPLOYEE_ID,FIRST_NAME,LAST_NAME,EMAIL,PHONE_NUMBER,HIRE_DATE,JOB_ID,SALARY,COMMISSION_PCT,MANAGER_ID,DEPARTMENT_ID,CREATED_DATE,UPDATED_DATE) values (114,'Den','Raphaely','Den.Raphaely@gmail.com','515.127.4561',to_date('07-12-94','DD-MM-RR'),'PU_MAN',11000,null,100,30,to_timestamp('16-06-24 9:37:58.000000000 PM','DD-MM-RR fmHH12:fmMI:SSXFF AM'),null);
Insert into SIVAACADEMY.EMPLOYEES_BKP (EMPLOYEE_ID,FIRST_NAME,LAST_NAME,EMAIL,PHONE_NUMBER,HIRE_DATE,JOB_ID,SALARY,COMMISSION_PCT,MANAGER_ID,DEPARTMENT_ID,CREATED_DATE,UPDATED_DATE) values (115,'Alexander','Khoo','Alexander.Khoo@gmail.com','515.127.4562',to_date('18-05-95','DD-MM-RR'),'PU_CLERK',3100,null,114,30,to_timestamp('16-06-24 9:37:58.000000000 PM','DD-MM-RR fmHH12:fmMI:SSXFF AM'),null);
Insert into SIVAACADEMY.EMPLOYEES_BKP (EMPLOYEE_ID,FIRST_NAME,LAST_NAME,EMAIL,PHONE_NUMBER,HIRE_DATE,JOB_ID,SALARY,COMMISSION_PCT,MANAGER_ID,DEPARTMENT_ID,CREATED_DATE,UPDATED_DATE) values (116,'Shelli','Baida','Shelli.Baida@gmail.com','515.127.4563',to_date('24-12-97','DD-MM-RR'),'PU_CLERK',2900,null,114,30,to_timestamp('16-06-24 9:37:58.000000000 PM','DD-MM-RR fmHH12:fmMI:SSXFF AM'),null);
Insert into SIVAACADEMY.EMPLOYEES_BKP (EMPLOYEE_ID,FIRST_NAME,LAST_NAME,EMAIL,PHONE_NUMBER,HIRE_DATE,JOB_ID,SALARY,COMMISSION_PCT,MANAGER_ID,DEPARTMENT_ID,CREATED_DATE,UPDATED_DATE) values (117,'Sigal','Tobias','Sigal.Tobias@gmail.com','515.127.4564',to_date('24-07-97','DD-MM-RR'),'PU_CLERK',2800,null,114,30,to_timestamp('16-06-24 9:37:58.000000000 PM','DD-MM-RR fmHH12:fmMI:SSXFF AM'),null);
Insert into SIVAACADEMY.EMPLOYEES_BKP (EMPLOYEE_ID,FIRST_NAME,LAST_NAME,EMAIL,PHONE_NUMBER,HIRE_DATE,JOB_ID,SALARY,COMMISSION_PCT,MANAGER_ID,DEPARTMENT_ID,CREATED_DATE,UPDATED_DATE) values (118,'Guy','Himuro','Guy.Himuro@gmail.com','515.127.4565',to_date('15-11-98','DD-MM-RR'),'PU_CLERK',2600,null,114,30,to_timestamp('16-06-24 9:37:58.000000000 PM','DD-MM-RR fmHH12:fmMI:SSXFF AM'),null);
Insert into SIVAACADEMY.EMPLOYEES_BKP (EMPLOYEE_ID,FIRST_NAME,LAST_NAME,EMAIL,PHONE_NUMBER,HIRE_DATE,JOB_ID,SALARY,COMMISSION_PCT,MANAGER_ID,DEPARTMENT_ID,CREATED_DATE,UPDATED_DATE) values (119,'Karen','Colmenares','Karen.Colmenares@gmail.com','515.127.4566',to_date('10-08-99','DD-MM-RR'),'PU_CLERK',2500,null,114,30,to_timestamp('16-06-24 9:37:58.000000000 PM','DD-MM-RR fmHH12:fmMI:SSXFF AM'),null);
Insert into SIVAACADEMY.EMPLOYEES_BKP (EMPLOYEE_ID,FIRST_NAME,LAST_NAME,EMAIL,PHONE_NUMBER,HIRE_DATE,JOB_ID,SALARY,COMMISSION_PCT,MANAGER_ID,DEPARTMENT_ID,CREATED_DATE,UPDATED_DATE) values (120,'Matthew','Weiss','Matthew.Weiss@gmail.com','650.123.1234',to_date('18-07-96','DD-MM-RR'),'ST_MAN',8000,null,100,50,to_timestamp('16-06-24 9:37:58.000000000 PM','DD-MM-RR fmHH12:fmMI:SSXFF AM'),null);
Insert into SIVAACADEMY.EMPLOYEES_BKP (EMPLOYEE_ID,FIRST_NAME,LAST_NAME,EMAIL,PHONE_NUMBER,HIRE_DATE,JOB_ID,SALARY,COMMISSION_PCT,MANAGER_ID,DEPARTMENT_ID,CREATED_DATE,UPDATED_DATE) values (121,'Adam','Fripp','Adam.Fripp@gmail.com','650.123.2234',to_date('10-04-97','DD-MM-RR'),'ST_MAN',8200,null,100,50,to_timestamp('16-06-24 9:37:58.000000000 PM','DD-MM-RR fmHH12:fmMI:SSXFF AM'),null);
REM INSERTING into SIVAACADEMY.EMPLOYEES_EXT
SET DEFINE OFF;
Insert into SIVAACADEMY.EMPLOYEES_EXT (EMP_ID,FIRST_NAME,JOB_ID) values (133,'Jason               ','ST_CLERK  ');
Insert into SIVAACADEMY.EMPLOYEES_EXT (EMP_ID,FIRST_NAME,JOB_ID) values (143,'Randall             ','ST_CLERK  ');
Insert into SIVAACADEMY.EMPLOYEES_EXT (EMP_ID,FIRST_NAME,JOB_ID) values (125,'Julia               ','ST_CLERK  ');
Insert into SIVAACADEMY.EMPLOYEES_EXT (EMP_ID,FIRST_NAME,JOB_ID) values (106,'Valli               ','IT_PROG   ');
Insert into SIVAACADEMY.EMPLOYEES_EXT (EMP_ID,FIRST_NAME,JOB_ID) values (141,'Trenna              ','ST_CLERK  ');
Insert into SIVAACADEMY.EMPLOYEES_EXT (EMP_ID,FIRST_NAME,JOB_ID) values (184,'Nandita             ','SH_CLERK  ');
Insert into SIVAACADEMY.EMPLOYEES_EXT (EMP_ID,FIRST_NAME,JOB_ID) values (138,'Stephen             ','ST_CLERK  ');
Insert into SIVAACADEMY.EMPLOYEES_EXT (EMP_ID,FIRST_NAME,JOB_ID) values (180,'Winston             ','SH_CLERK  ');
Insert into SIVAACADEMY.EMPLOYEES_EXT (EMP_ID,FIRST_NAME,JOB_ID) values (144,'Peter               ','ST_CLERK  ');
Insert into SIVAACADEMY.EMPLOYEES_EXT (EMP_ID,FIRST_NAME,JOB_ID) values (149,'Eleni               ','SA_MAN    ');
Insert into SIVAACADEMY.EMPLOYEES_EXT (EMP_ID,FIRST_NAME,JOB_ID) values (100,'Steven              ','AD_PRES   ');
Insert into SIVAACADEMY.EMPLOYEES_EXT (EMP_ID,FIRST_NAME,JOB_ID) values (101,'Neena               ','AD_VP     ');
Insert into SIVAACADEMY.EMPLOYEES_EXT (EMP_ID,FIRST_NAME,JOB_ID) values (102,'Lex                 ','AD_VP     ');
Insert into SIVAACADEMY.EMPLOYEES_EXT (EMP_ID,FIRST_NAME,JOB_ID) values (103,'Alexander           ','IT_PROG   ');
Insert into SIVAACADEMY.EMPLOYEES_EXT (EMP_ID,FIRST_NAME,JOB_ID) values (104,'Bruce               ','IT_PROG   ');
Insert into SIVAACADEMY.EMPLOYEES_EXT (EMP_ID,FIRST_NAME,JOB_ID) values (105,'David               ','IT_PROG   ');
Insert into SIVAACADEMY.EMPLOYEES_EXT (EMP_ID,FIRST_NAME,JOB_ID) values (107,'Diana               ','IT_PROG   ');
Insert into SIVAACADEMY.EMPLOYEES_EXT (EMP_ID,FIRST_NAME,JOB_ID) values (108,'Nancy               ','FI_MGR    ');
Insert into SIVAACADEMY.EMPLOYEES_EXT (EMP_ID,FIRST_NAME,JOB_ID) values (109,'Daniel              ','FI_ACCOUNT');
Insert into SIVAACADEMY.EMPLOYEES_EXT (EMP_ID,FIRST_NAME,JOB_ID) values (110,'John                ','FI_ACCOUNT');
Insert into SIVAACADEMY.EMPLOYEES_EXT (EMP_ID,FIRST_NAME,JOB_ID) values (111,'Ismael              ','FI_ACCOUNT');
Insert into SIVAACADEMY.EMPLOYEES_EXT (EMP_ID,FIRST_NAME,JOB_ID) values (112,'Jose Manuel         ','FI_ACCOUNT');
Insert into SIVAACADEMY.EMPLOYEES_EXT (EMP_ID,FIRST_NAME,JOB_ID) values (113,'Luis                ','FI_ACCOUNT');
Insert into SIVAACADEMY.EMPLOYEES_EXT (EMP_ID,FIRST_NAME,JOB_ID) values (114,'Den                 ','PU_MAN    ');
Insert into SIVAACADEMY.EMPLOYEES_EXT (EMP_ID,FIRST_NAME,JOB_ID) values (115,'Alexander           ','PU_CLERK  ');
Insert into SIVAACADEMY.EMPLOYEES_EXT (EMP_ID,FIRST_NAME,JOB_ID) values (116,'Shelli              ','PU_CLERK  ');
Insert into SIVAACADEMY.EMPLOYEES_EXT (EMP_ID,FIRST_NAME,JOB_ID) values (117,'Sigal               ','PU_CLERK  ');
Insert into SIVAACADEMY.EMPLOYEES_EXT (EMP_ID,FIRST_NAME,JOB_ID) values (118,'Guy                 ','PU_CLERK  ');
Insert into SIVAACADEMY.EMPLOYEES_EXT (EMP_ID,FIRST_NAME,JOB_ID) values (119,'Karen               ','PU_CLERK  ');
Insert into SIVAACADEMY.EMPLOYEES_EXT (EMP_ID,FIRST_NAME,JOB_ID) values (120,'Matthew             ','ST_MAN    ');
Insert into SIVAACADEMY.EMPLOYEES_EXT (EMP_ID,FIRST_NAME,JOB_ID) values (121,'Adam                ','ST_MAN    ');
Insert into SIVAACADEMY.EMPLOYEES_EXT (EMP_ID,FIRST_NAME,JOB_ID) values (122,'Payam               ','ST_MAN    ');
Insert into SIVAACADEMY.EMPLOYEES_EXT (EMP_ID,FIRST_NAME,JOB_ID) values (123,'Shanta              ','ST_MAN    ');
Insert into SIVAACADEMY.EMPLOYEES_EXT (EMP_ID,FIRST_NAME,JOB_ID) values (124,'Kevin               ','ST_MAN    ');
Insert into SIVAACADEMY.EMPLOYEES_EXT (EMP_ID,FIRST_NAME,JOB_ID) values (126,'Irene               ','ST_CLERK  ');
Insert into SIVAACADEMY.EMPLOYEES_EXT (EMP_ID,FIRST_NAME,JOB_ID) values (127,'James               ','ST_CLERK  ');
Insert into SIVAACADEMY.EMPLOYEES_EXT (EMP_ID,FIRST_NAME,JOB_ID) values (128,'Steven              ','ST_CLERK  ');
Insert into SIVAACADEMY.EMPLOYEES_EXT (EMP_ID,FIRST_NAME,JOB_ID) values (129,'Laura               ','ST_CLERK  ');
Insert into SIVAACADEMY.EMPLOYEES_EXT (EMP_ID,FIRST_NAME,JOB_ID) values (130,'Mozhe               ','ST_CLERK  ');
Insert into SIVAACADEMY.EMPLOYEES_EXT (EMP_ID,FIRST_NAME,JOB_ID) values (131,'James               ','ST_CLERK  ');
Insert into SIVAACADEMY.EMPLOYEES_EXT (EMP_ID,FIRST_NAME,JOB_ID) values (132,'TJ                  ','ST_CLERK  ');
Insert into SIVAACADEMY.EMPLOYEES_EXT (EMP_ID,FIRST_NAME,JOB_ID) values (134,'Michael             ','ST_CLERK  ');
Insert into SIVAACADEMY.EMPLOYEES_EXT (EMP_ID,FIRST_NAME,JOB_ID) values (135,'Ki                  ','ST_CLERK  ');
Insert into SIVAACADEMY.EMPLOYEES_EXT (EMP_ID,FIRST_NAME,JOB_ID) values (136,'Hazel               ','ST_CLERK  ');
Insert into SIVAACADEMY.EMPLOYEES_EXT (EMP_ID,FIRST_NAME,JOB_ID) values (137,'Renske              ','ST_CLERK  ');
Insert into SIVAACADEMY.EMPLOYEES_EXT (EMP_ID,FIRST_NAME,JOB_ID) values (139,'John                ','ST_CLERK  ');
Insert into SIVAACADEMY.EMPLOYEES_EXT (EMP_ID,FIRST_NAME,JOB_ID) values (140,'Joshua              ','ST_CLERK  ');
Insert into SIVAACADEMY.EMPLOYEES_EXT (EMP_ID,FIRST_NAME,JOB_ID) values (142,'Curtis              ','ST_CLERK  ');
Insert into SIVAACADEMY.EMPLOYEES_EXT (EMP_ID,FIRST_NAME,JOB_ID) values (145,'John                ','SA_MAN    ');
Insert into SIVAACADEMY.EMPLOYEES_EXT (EMP_ID,FIRST_NAME,JOB_ID) values (146,'Karen               ','SA_MAN    ');
Insert into SIVAACADEMY.EMPLOYEES_EXT (EMP_ID,FIRST_NAME,JOB_ID) values (147,'Alberto             ','SA_MAN    ');
Insert into SIVAACADEMY.EMPLOYEES_EXT (EMP_ID,FIRST_NAME,JOB_ID) values (148,'Gerald              ','SA_MAN    ');
Insert into SIVAACADEMY.EMPLOYEES_EXT (EMP_ID,FIRST_NAME,JOB_ID) values (150,'Peter               ','SA_REP    ');
Insert into SIVAACADEMY.EMPLOYEES_EXT (EMP_ID,FIRST_NAME,JOB_ID) values (151,'David               ','SA_REP    ');
Insert into SIVAACADEMY.EMPLOYEES_EXT (EMP_ID,FIRST_NAME,JOB_ID) values (152,'Peter               ','SA_REP    ');
Insert into SIVAACADEMY.EMPLOYEES_EXT (EMP_ID,FIRST_NAME,JOB_ID) values (153,'Christopher         ','SA_REP    ');
Insert into SIVAACADEMY.EMPLOYEES_EXT (EMP_ID,FIRST_NAME,JOB_ID) values (154,'Nanette             ','SA_REP    ');
Insert into SIVAACADEMY.EMPLOYEES_EXT (EMP_ID,FIRST_NAME,JOB_ID) values (155,'Oliver              ','SA_REP    ');
Insert into SIVAACADEMY.EMPLOYEES_EXT (EMP_ID,FIRST_NAME,JOB_ID) values (156,'Janette             ','SA_REP    ');
Insert into SIVAACADEMY.EMPLOYEES_EXT (EMP_ID,FIRST_NAME,JOB_ID) values (157,'Patrick             ','SA_REP    ');
Insert into SIVAACADEMY.EMPLOYEES_EXT (EMP_ID,FIRST_NAME,JOB_ID) values (158,'Allan               ','SA_REP    ');
Insert into SIVAACADEMY.EMPLOYEES_EXT (EMP_ID,FIRST_NAME,JOB_ID) values (159,'Lindsey             ','SA_REP    ');
Insert into SIVAACADEMY.EMPLOYEES_EXT (EMP_ID,FIRST_NAME,JOB_ID) values (160,'Louise              ','SA_REP    ');
Insert into SIVAACADEMY.EMPLOYEES_EXT (EMP_ID,FIRST_NAME,JOB_ID) values (161,'Sarath              ','SA_REP    ');
Insert into SIVAACADEMY.EMPLOYEES_EXT (EMP_ID,FIRST_NAME,JOB_ID) values (162,'Clara               ','SA_REP    ');
Insert into SIVAACADEMY.EMPLOYEES_EXT (EMP_ID,FIRST_NAME,JOB_ID) values (163,'Danielle            ','SA_REP    ');
Insert into SIVAACADEMY.EMPLOYEES_EXT (EMP_ID,FIRST_NAME,JOB_ID) values (164,'Mattea              ','SA_REP    ');
Insert into SIVAACADEMY.EMPLOYEES_EXT (EMP_ID,FIRST_NAME,JOB_ID) values (165,'David               ','SA_REP    ');
Insert into SIVAACADEMY.EMPLOYEES_EXT (EMP_ID,FIRST_NAME,JOB_ID) values (166,'Sundar              ','SA_REP    ');
Insert into SIVAACADEMY.EMPLOYEES_EXT (EMP_ID,FIRST_NAME,JOB_ID) values (167,'Amit                ','SA_REP    ');
Insert into SIVAACADEMY.EMPLOYEES_EXT (EMP_ID,FIRST_NAME,JOB_ID) values (168,'Lisa                ','SA_REP    ');
Insert into SIVAACADEMY.EMPLOYEES_EXT (EMP_ID,FIRST_NAME,JOB_ID) values (169,'Harrison            ','SA_REP    ');
Insert into SIVAACADEMY.EMPLOYEES_EXT (EMP_ID,FIRST_NAME,JOB_ID) values (170,'Tayler              ','SA_REP    ');
Insert into SIVAACADEMY.EMPLOYEES_EXT (EMP_ID,FIRST_NAME,JOB_ID) values (171,'William             ','SA_REP    ');
Insert into SIVAACADEMY.EMPLOYEES_EXT (EMP_ID,FIRST_NAME,JOB_ID) values (172,'Elizabeth           ','SA_REP    ');
Insert into SIVAACADEMY.EMPLOYEES_EXT (EMP_ID,FIRST_NAME,JOB_ID) values (173,'Sundita             ','SA_REP    ');
Insert into SIVAACADEMY.EMPLOYEES_EXT (EMP_ID,FIRST_NAME,JOB_ID) values (174,'Ellen               ','SA_REP    ');
Insert into SIVAACADEMY.EMPLOYEES_EXT (EMP_ID,FIRST_NAME,JOB_ID) values (175,'Alyssa              ','SA_REP    ');
Insert into SIVAACADEMY.EMPLOYEES_EXT (EMP_ID,FIRST_NAME,JOB_ID) values (176,'Jonathon            ','SA_REP    ');
Insert into SIVAACADEMY.EMPLOYEES_EXT (EMP_ID,FIRST_NAME,JOB_ID) values (177,'Jack                ','SA_REP    ');
Insert into SIVAACADEMY.EMPLOYEES_EXT (EMP_ID,FIRST_NAME,JOB_ID) values (178,'Kimberely           ','SA_REP    ');
Insert into SIVAACADEMY.EMPLOYEES_EXT (EMP_ID,FIRST_NAME,JOB_ID) values (179,'Charles             ','SA_REP    ');
Insert into SIVAACADEMY.EMPLOYEES_EXT (EMP_ID,FIRST_NAME,JOB_ID) values (181,'Jean                ','SH_CLERK  ');
Insert into SIVAACADEMY.EMPLOYEES_EXT (EMP_ID,FIRST_NAME,JOB_ID) values (182,'Martha              ','SH_CLERK  ');
Insert into SIVAACADEMY.EMPLOYEES_EXT (EMP_ID,FIRST_NAME,JOB_ID) values (183,'Girard              ','SH_CLERK  ');
Insert into SIVAACADEMY.EMPLOYEES_EXT (EMP_ID,FIRST_NAME,JOB_ID) values (185,'Alexis              ','SH_CLERK  ');
Insert into SIVAACADEMY.EMPLOYEES_EXT (EMP_ID,FIRST_NAME,JOB_ID) values (186,'Julia               ','SH_CLERK  ');
Insert into SIVAACADEMY.EMPLOYEES_EXT (EMP_ID,FIRST_NAME,JOB_ID) values (187,'Anthony             ','SH_CLERK  ');
Insert into SIVAACADEMY.EMPLOYEES_EXT (EMP_ID,FIRST_NAME,JOB_ID) values (188,'Kelly               ','SH_CLERK  ');
Insert into SIVAACADEMY.EMPLOYEES_EXT (EMP_ID,FIRST_NAME,JOB_ID) values (189,'Jennifer            ','SH_CLERK  ');
Insert into SIVAACADEMY.EMPLOYEES_EXT (EMP_ID,FIRST_NAME,JOB_ID) values (190,'Timothy             ','SH_CLERK  ');
Insert into SIVAACADEMY.EMPLOYEES_EXT (EMP_ID,FIRST_NAME,JOB_ID) values (191,'Randall             ','SH_CLERK  ');
Insert into SIVAACADEMY.EMPLOYEES_EXT (EMP_ID,FIRST_NAME,JOB_ID) values (192,'Sarah               ','SH_CLERK  ');
Insert into SIVAACADEMY.EMPLOYEES_EXT (EMP_ID,FIRST_NAME,JOB_ID) values (193,'Britney             ','SH_CLERK  ');
Insert into SIVAACADEMY.EMPLOYEES_EXT (EMP_ID,FIRST_NAME,JOB_ID) values (194,'Samuel              ','SH_CLERK  ');
Insert into SIVAACADEMY.EMPLOYEES_EXT (EMP_ID,FIRST_NAME,JOB_ID) values (195,'Vance               ','SH_CLERK  ');
Insert into SIVAACADEMY.EMPLOYEES_EXT (EMP_ID,FIRST_NAME,JOB_ID) values (196,'Alana               ','SH_CLERK  ');
Insert into SIVAACADEMY.EMPLOYEES_EXT (EMP_ID,FIRST_NAME,JOB_ID) values (197,'Kevin               ','SH_CLERK  ');
Insert into SIVAACADEMY.EMPLOYEES_EXT (EMP_ID,FIRST_NAME,JOB_ID) values (198,'Donald              ','SH_CLERK  ');
Insert into SIVAACADEMY.EMPLOYEES_EXT (EMP_ID,FIRST_NAME,JOB_ID) values (199,'Douglas             ','SH_CLERK  ');
REM INSERTING into SIVAACADEMY.EMP_BKP
SET DEFINE OFF;
Insert into SIVAACADEMY.EMP_BKP (EMPNO,ENAME,JOB,MGR,HIREDATE,SAL,COMM,DEPTNO) values (7839,'KING','PRESIDENT',null,to_date('17-11-81','DD-MM-RR'),5000,null,10);
REM INSERTING into SIVAACADEMY.EMP_CARD
SET DEFINE OFF;
Insert into SIVAACADEMY.EMP_CARD (EMPID,PROJECT,SALARY,VARIABLE) values (121,'P1',8000,500);
Insert into SIVAACADEMY.EMP_CARD (EMPID,PROJECT,SALARY,VARIABLE) values (321,'P2',10000,1000);
Insert into SIVAACADEMY.EMP_CARD (EMPID,PROJECT,SALARY,VARIABLE) values (421,'P1',12000,0);
REM INSERTING into SIVAACADEMY.EMP_DETAILS
SET DEFINE OFF;
Insert into SIVAACADEMY.EMP_DETAILS (ID,NAME) values (8,'abc8');
Insert into SIVAACADEMY.EMP_DETAILS (ID,NAME) values (1,'abc1');
Insert into SIVAACADEMY.EMP_DETAILS (ID,NAME) values (2,'abc2');
Insert into SIVAACADEMY.EMP_DETAILS (ID,NAME) values (3,'abc3');
Insert into SIVAACADEMY.EMP_DETAILS (ID,NAME) values (4,'abc4');
Insert into SIVAACADEMY.EMP_DETAILS (ID,NAME) values (5,'abc5');
Insert into SIVAACADEMY.EMP_DETAILS (ID,NAME) values (6,'abc6');
Insert into SIVAACADEMY.EMP_DETAILS (ID,NAME) values (7,'abc7');
Insert into SIVAACADEMY.EMP_DETAILS (ID,NAME) values (10,'abc9');
Insert into SIVAACADEMY.EMP_DETAILS (ID,NAME) values (11,'abc10');
Insert into SIVAACADEMY.EMP_DETAILS (ID,NAME) values (12,'abc11');
Insert into SIVAACADEMY.EMP_DETAILS (ID,NAME) values (9,'abc8');
REM INSERTING into SIVAACADEMY.EMP_DUP
SET DEFINE OFF;
Insert into SIVAACADEMY.EMP_DUP (EMPNO,ENAME,JOB,MGR,HIREDATE,SAL,COMM,DEPTNO) values (7369,'SMITH','CLERK',7902,to_date('17-12-80','DD-MM-RR'),800,null,20);
Insert into SIVAACADEMY.EMP_DUP (EMPNO,ENAME,JOB,MGR,HIREDATE,SAL,COMM,DEPTNO) values (7499,'ALLEN','SALESMAN',7698,to_date('20-02-81','DD-MM-RR'),1600,300,30);
Insert into SIVAACADEMY.EMP_DUP (EMPNO,ENAME,JOB,MGR,HIREDATE,SAL,COMM,DEPTNO) values (7521,'WARD','SALESMAN',7698,to_date('22-02-81','DD-MM-RR'),1250,500,30);
Insert into SIVAACADEMY.EMP_DUP (EMPNO,ENAME,JOB,MGR,HIREDATE,SAL,COMM,DEPTNO) values (7566,'JONES','MANAGER',7839,to_date('02-04-81','DD-MM-RR'),2975,null,20);
Insert into SIVAACADEMY.EMP_DUP (EMPNO,ENAME,JOB,MGR,HIREDATE,SAL,COMM,DEPTNO) values (7698,'BLAKE','MANAGER',7839,to_date('01-05-81','DD-MM-RR'),2850,null,30);
Insert into SIVAACADEMY.EMP_DUP (EMPNO,ENAME,JOB,MGR,HIREDATE,SAL,COMM,DEPTNO) values (7698,'BLAKE','MANAGER',7839,to_date('01-05-81','DD-MM-RR'),2850,null,30);
Insert into SIVAACADEMY.EMP_DUP (EMPNO,ENAME,JOB,MGR,HIREDATE,SAL,COMM,DEPTNO) values (7782,'CLARK','MANAGER',7839,to_date('09-06-81','DD-MM-RR'),2450,null,10);
Insert into SIVAACADEMY.EMP_DUP (EMPNO,ENAME,JOB,MGR,HIREDATE,SAL,COMM,DEPTNO) values (7788,'SCOTT','ANALYST',7566,to_date('19-04-87','DD-MM-RR'),3000,null,20);
Insert into SIVAACADEMY.EMP_DUP (EMPNO,ENAME,JOB,MGR,HIREDATE,SAL,COMM,DEPTNO) values (7788,'SCOTT','ANALYST',7566,to_date('19-04-87','DD-MM-RR'),3000,null,20);
Insert into SIVAACADEMY.EMP_DUP (EMPNO,ENAME,JOB,MGR,HIREDATE,SAL,COMM,DEPTNO) values (7839,'KING','PRESIDENT',null,to_date('17-11-81','DD-MM-RR'),5000,0,10);
Insert into SIVAACADEMY.EMP_DUP (EMPNO,ENAME,JOB,MGR,HIREDATE,SAL,COMM,DEPTNO) values (7839,'KING','PRESIDENT',null,to_date('17-11-81','DD-MM-RR'),5000,0,10);
Insert into SIVAACADEMY.EMP_DUP (EMPNO,ENAME,JOB,MGR,HIREDATE,SAL,COMM,DEPTNO) values (7844,'TURNER','SALESMAN',7698,to_date('08-09-81','DD-MM-RR'),1500,0,30);
Insert into SIVAACADEMY.EMP_DUP (EMPNO,ENAME,JOB,MGR,HIREDATE,SAL,COMM,DEPTNO) values (7876,'ADAMS','CLERK',7788,to_date('23-05-87','DD-MM-RR'),1100,null,20);
Insert into SIVAACADEMY.EMP_DUP (EMPNO,ENAME,JOB,MGR,HIREDATE,SAL,COMM,DEPTNO) values (7900,'JAMES','CLERK',7698,to_date('03-12-81','DD-MM-RR'),950,null,30);
Insert into SIVAACADEMY.EMP_DUP (EMPNO,ENAME,JOB,MGR,HIREDATE,SAL,COMM,DEPTNO) values (7902,'FORD','ANALYST',7566,to_date('03-12-81','DD-MM-RR'),3000,null,20);
Insert into SIVAACADEMY.EMP_DUP (EMPNO,ENAME,JOB,MGR,HIREDATE,SAL,COMM,DEPTNO) values (7934,'MILLER','CLERK',7782,to_date('23-01-82','DD-MM-RR'),1300,null,10);
REM INSERTING into SIVAACADEMY.EMP_GEN
SET DEFINE OFF;
Insert into SIVAACADEMY.EMP_GEN (EMP_ID,EMP_NAME) values (1,'hrish');
Insert into SIVAACADEMY.EMP_GEN (EMP_ID,EMP_NAME) values (1,'hrish');
Insert into SIVAACADEMY.EMP_GEN (EMP_ID,EMP_NAME) values (2,'hrish');
Insert into SIVAACADEMY.EMP_GEN (EMP_ID,EMP_NAME) values (2,'Alok');
Insert into SIVAACADEMY.EMP_GEN (EMP_ID,EMP_NAME) values (3,'Siva');
Insert into SIVAACADEMY.EMP_GEN (EMP_ID,EMP_NAME) values (3,'Siva');
Insert into SIVAACADEMY.EMP_GEN (EMP_ID,EMP_NAME) values (4,'John');
Insert into SIVAACADEMY.EMP_GEN (EMP_ID,EMP_NAME) values (4,'John');
Insert into SIVAACADEMY.EMP_GEN (EMP_ID,EMP_NAME) values (5,'Mike');
Insert into SIVAACADEMY.EMP_GEN (EMP_ID,EMP_NAME) values (5,'Mike');
Insert into SIVAACADEMY.EMP_GEN (EMP_ID,EMP_NAME) values (6,'Alice');
Insert into SIVAACADEMY.EMP_GEN (EMP_ID,EMP_NAME) values (6,'Alice');
Insert into SIVAACADEMY.EMP_GEN (EMP_ID,EMP_NAME) values (7,'Bob');
Insert into SIVAACADEMY.EMP_GEN (EMP_ID,EMP_NAME) values (7,'Bob');
Insert into SIVAACADEMY.EMP_GEN (EMP_ID,EMP_NAME) values (8,'Emma');
Insert into SIVAACADEMY.EMP_GEN (EMP_ID,EMP_NAME) values (8,'Emma');
Insert into SIVAACADEMY.EMP_GEN (EMP_ID,EMP_NAME) values (9,'Raj');
Insert into SIVAACADEMY.EMP_GEN (EMP_ID,EMP_NAME) values (9,'Raj');
Insert into SIVAACADEMY.EMP_GEN (EMP_ID,EMP_NAME) values (10,'Priya');
Insert into SIVAACADEMY.EMP_GEN (EMP_ID,EMP_NAME) values (10,'Priya');
REM INSERTING into SIVAACADEMY.EMP_NIT
SET DEFINE OFF;
Insert into SIVAACADEMY.EMP_NIT (EMPNO,ENAME,JOB,SAL,DEPTNO) values (7839,'KING','PRESIDENT',5000,10);
Insert into SIVAACADEMY.EMP_NIT (EMPNO,ENAME,JOB,SAL,DEPTNO) values (7698,'BLAKE','MANAGER',2850,30);
Insert into SIVAACADEMY.EMP_NIT (EMPNO,ENAME,JOB,SAL,DEPTNO) values (7782,'CLARK','MANAGER',2450,10);
Insert into SIVAACADEMY.EMP_NIT (EMPNO,ENAME,JOB,SAL,DEPTNO) values (7566,'JONES','MANAGER',3500,20);
Insert into SIVAACADEMY.EMP_NIT (EMPNO,ENAME,JOB,SAL,DEPTNO) values (7788,'SCOTT','ANALYST',3000,20);
Insert into SIVAACADEMY.EMP_NIT (EMPNO,ENAME,JOB,SAL,DEPTNO) values (7902,'FORD','ANALYST',3000,20);
Insert into SIVAACADEMY.EMP_NIT (EMPNO,ENAME,JOB,SAL,DEPTNO) values (7369,'SMITH','CLERK',800,20);
Insert into SIVAACADEMY.EMP_NIT (EMPNO,ENAME,JOB,SAL,DEPTNO) values (7499,'ALLEN','SALESMAN',1600,30);
Insert into SIVAACADEMY.EMP_NIT (EMPNO,ENAME,JOB,SAL,DEPTNO) values (7521,'WARD','SALESMAN',1250,30);
Insert into SIVAACADEMY.EMP_NIT (EMPNO,ENAME,JOB,SAL,DEPTNO) values (7654,'MARTIN','SALESMAN',1250,30);
Insert into SIVAACADEMY.EMP_NIT (EMPNO,ENAME,JOB,SAL,DEPTNO) values (7844,'TURNER','SALESMAN',1500,30);
Insert into SIVAACADEMY.EMP_NIT (EMPNO,ENAME,JOB,SAL,DEPTNO) values (7876,'ADAMS','CLERK',1100,20);
Insert into SIVAACADEMY.EMP_NIT (EMPNO,ENAME,JOB,SAL,DEPTNO) values (7900,'JAMES','CLERK',950,30);
Insert into SIVAACADEMY.EMP_NIT (EMPNO,ENAME,JOB,SAL,DEPTNO) values (7934,'MILLER','CLERK',1300,10);
Insert into SIVAACADEMY.EMP_NIT (EMPNO,ENAME,JOB,SAL,DEPTNO) values (555,'AAA','CLERK',5000,20);
Insert into SIVAACADEMY.EMP_NIT (EMPNO,ENAME,JOB,SAL,DEPTNO) values (555,'AAA','CLERK',5000,20);
Insert into SIVAACADEMY.EMP_NIT (EMPNO,ENAME,JOB,SAL,DEPTNO) values (555,'AAA','CLERK',5000,20);
REM INSERTING into SIVAACADEMY.EMP_SAL_LOG
SET DEFINE OFF;
Insert into SIVAACADEMY.EMP_SAL_LOG (EMPNO,UPDATE_LOG) values (7566,'Salary not Updated: Employee salary cannot more than : 5000');
Insert into SIVAACADEMY.EMP_SAL_LOG (EMPNO,UPDATE_LOG) values (7566,'Salary Updated Successfully: old sal=3500, new sal=3500');
Insert into SIVAACADEMY.EMP_SAL_LOG (EMPNO,UPDATE_LOG) values (7839,'Salary Updated Successfully: old sal=5000, new sal=5500');
Insert into SIVAACADEMY.EMP_SAL_LOG (EMPNO,UPDATE_LOG) values (7839,'Salary Updated Successfully: old sal=5000, new sal=5500');
Insert into SIVAACADEMY.EMP_SAL_LOG (EMPNO,UPDATE_LOG) values (7839,'Salary Updated Successfully: old sal=5500, new sal=5000');
Insert into SIVAACADEMY.EMP_SAL_LOG (EMPNO,UPDATE_LOG) values (7839,'Salary Updated Successfully: old sal=5500, new sal=5000');
Insert into SIVAACADEMY.EMP_SAL_LOG (EMPNO,UPDATE_LOG) values (7839,'Salary Updated Successfully: old sal=5000, new sal=5100');
Insert into SIVAACADEMY.EMP_SAL_LOG (EMPNO,UPDATE_LOG) values (7839,'Salary Updated Successfully: old sal=5000, new sal=5100');
Insert into SIVAACADEMY.EMP_SAL_LOG (EMPNO,UPDATE_LOG) values (7369,'Salary Updated Successfully: old sal=800, new sal=900');
Insert into SIVAACADEMY.EMP_SAL_LOG (EMPNO,UPDATE_LOG) values (7369,'Salary Updated Successfully: old sal=800, new sal=900');
Insert into SIVAACADEMY.EMP_SAL_LOG (EMPNO,UPDATE_LOG) values (7369,'Salary Updated Successfully: old sal=900, new sal=900');
Insert into SIVAACADEMY.EMP_SAL_LOG (EMPNO,UPDATE_LOG) values (7369,'Salary Updated Successfully: old sal=900, new sal=900');
Insert into SIVAACADEMY.EMP_SAL_LOG (EMPNO,UPDATE_LOG) values (7566,'Salary Updated Successfully: old sal=2975, new sal=2980');
Insert into SIVAACADEMY.EMP_SAL_LOG (EMPNO,UPDATE_LOG) values (7566,'Salary not Updated: Employee salary cannot more than : 3000');
Insert into SIVAACADEMY.EMP_SAL_LOG (EMPNO,UPDATE_LOG) values (7566,'Salary Updated Successfully: old sal=2980, new sal=3500');
Insert into SIVAACADEMY.EMP_SAL_LOG (EMPNO,UPDATE_LOG) values (7566,'Salary not Updated: Employee salary cannot more than : 5000');
REM INSERTING into SIVAACADEMY.ERROR_LOG
SET DEFINE OFF;
REM INSERTING into SIVAACADEMY.GTT_EMPNOS
SET DEFINE OFF;
REM INSERTING into SIVAACADEMY.IPL_TEAMS
SET DEFINE OFF;
Insert into SIVAACADEMY.IPL_TEAMS (TEAM1,TEAM2,WINNER) values ('RCB','DC','DC');
Insert into SIVAACADEMY.IPL_TEAMS (TEAM1,TEAM2,WINNER) values ('MI','RCB','RCB');
Insert into SIVAACADEMY.IPL_TEAMS (TEAM1,TEAM2,WINNER) values ('CSK','MI','CSK');
Insert into SIVAACADEMY.IPL_TEAMS (TEAM1,TEAM2,WINNER) values ('KKR','SRH','KKR');
Insert into SIVAACADEMY.IPL_TEAMS (TEAM1,TEAM2,WINNER) values ('PBKS','LSG','LSG');
Insert into SIVAACADEMY.IPL_TEAMS (TEAM1,TEAM2,WINNER) values ('GT','RR','GT');
Insert into SIVAACADEMY.IPL_TEAMS (TEAM1,TEAM2,WINNER) values ('SRH','DC','SRH');
Insert into SIVAACADEMY.IPL_TEAMS (TEAM1,TEAM2,WINNER) values ('RCB','CSK','CSK');
Insert into SIVAACADEMY.IPL_TEAMS (TEAM1,TEAM2,WINNER) values ('MI','KKR','MI');
Insert into SIVAACADEMY.IPL_TEAMS (TEAM1,TEAM2,WINNER) values ('RR','PBKS','RR');
REM INSERTING into SIVAACADEMY.ITEM
SET DEFINE OFF;
Insert into SIVAACADEMY.ITEM (ID,ITEM_NAME,TOTAL_COUNT) values (1,'water bottle',2);
Insert into SIVAACADEMY.ITEM (ID,ITEM_NAME,TOTAL_COUNT) values (2,'tent',1);
Insert into SIVAACADEMY.ITEM (ID,ITEM_NAME,TOTAL_COUNT) values (3,'apple',4);
REM INSERTING into SIVAACADEMY.JOBS
SET DEFINE OFF;
Insert into SIVAACADEMY.JOBS (JOB_ID,JOB_TITLE,MIN_SALARY,MAX_SALARY) values ('AD_PRES','President',20000,40000);
Insert into SIVAACADEMY.JOBS (JOB_ID,JOB_TITLE,MIN_SALARY,MAX_SALARY) values ('AD_VP','Administration Vice President',15000,30000);
Insert into SIVAACADEMY.JOBS (JOB_ID,JOB_TITLE,MIN_SALARY,MAX_SALARY) values ('AD_ASST','Administration Assistant',3000,6000);
Insert into SIVAACADEMY.JOBS (JOB_ID,JOB_TITLE,MIN_SALARY,MAX_SALARY) values ('FI_MGR','Finance Manager',8200,16000);
Insert into SIVAACADEMY.JOBS (JOB_ID,JOB_TITLE,MIN_SALARY,MAX_SALARY) values ('FI_ACCOUNT','Accountant',4200,9000);
Insert into SIVAACADEMY.JOBS (JOB_ID,JOB_TITLE,MIN_SALARY,MAX_SALARY) values ('AC_MGR','Accounting Manager',8200,16000);
Insert into SIVAACADEMY.JOBS (JOB_ID,JOB_TITLE,MIN_SALARY,MAX_SALARY) values ('AC_ACCOUNT','Public Accountant',4200,9000);
Insert into SIVAACADEMY.JOBS (JOB_ID,JOB_TITLE,MIN_SALARY,MAX_SALARY) values ('SA_MAN','Sales Manager',10000,20000);
Insert into SIVAACADEMY.JOBS (JOB_ID,JOB_TITLE,MIN_SALARY,MAX_SALARY) values ('SA_REP','Sales Representative',6000,12000);
Insert into SIVAACADEMY.JOBS (JOB_ID,JOB_TITLE,MIN_SALARY,MAX_SALARY) values ('PU_MAN','Purchasing Manager',8000,15000);
Insert into SIVAACADEMY.JOBS (JOB_ID,JOB_TITLE,MIN_SALARY,MAX_SALARY) values ('PU_CLERK','Purchasing Clerk',2500,5500);
Insert into SIVAACADEMY.JOBS (JOB_ID,JOB_TITLE,MIN_SALARY,MAX_SALARY) values ('ST_MAN','Stock Manager',5500,8500);
Insert into SIVAACADEMY.JOBS (JOB_ID,JOB_TITLE,MIN_SALARY,MAX_SALARY) values ('ST_CLERK','Stock Clerk',2000,5000);
Insert into SIVAACADEMY.JOBS (JOB_ID,JOB_TITLE,MIN_SALARY,MAX_SALARY) values ('SH_CLERK','Shipping Clerk',2500,5500);
Insert into SIVAACADEMY.JOBS (JOB_ID,JOB_TITLE,MIN_SALARY,MAX_SALARY) values ('IT_PROG','Programmer',4000,10000);
Insert into SIVAACADEMY.JOBS (JOB_ID,JOB_TITLE,MIN_SALARY,MAX_SALARY) values ('MK_MAN','Marketing Manager',9000,15000);
Insert into SIVAACADEMY.JOBS (JOB_ID,JOB_TITLE,MIN_SALARY,MAX_SALARY) values ('MK_REP','Marketing Representative',4000,9000);
Insert into SIVAACADEMY.JOBS (JOB_ID,JOB_TITLE,MIN_SALARY,MAX_SALARY) values ('HR_REP','Human Resources Representative',4000,9000);
Insert into SIVAACADEMY.JOBS (JOB_ID,JOB_TITLE,MIN_SALARY,MAX_SALARY) values ('PR_REP','Public Relations Representative',4500,10500);
REM INSERTING into SIVAACADEMY.JOB_HISTORY
SET DEFINE OFF;
Insert into SIVAACADEMY.JOB_HISTORY (EMPLOYEE_ID,START_DATE,END_DATE,JOB_ID,DEPARTMENT_ID) values (102,to_date('13-01-93','DD-MM-RR'),to_date('24-07-98','DD-MM-RR'),'IT_PROG',60);
Insert into SIVAACADEMY.JOB_HISTORY (EMPLOYEE_ID,START_DATE,END_DATE,JOB_ID,DEPARTMENT_ID) values (101,to_date('21-09-89','DD-MM-RR'),to_date('27-10-93','DD-MM-RR'),'AC_ACCOUNT',110);
Insert into SIVAACADEMY.JOB_HISTORY (EMPLOYEE_ID,START_DATE,END_DATE,JOB_ID,DEPARTMENT_ID) values (101,to_date('28-10-93','DD-MM-RR'),to_date('15-03-97','DD-MM-RR'),'AC_MGR',110);
Insert into SIVAACADEMY.JOB_HISTORY (EMPLOYEE_ID,START_DATE,END_DATE,JOB_ID,DEPARTMENT_ID) values (201,to_date('17-02-96','DD-MM-RR'),to_date('19-12-99','DD-MM-RR'),'MK_REP',20);
Insert into SIVAACADEMY.JOB_HISTORY (EMPLOYEE_ID,START_DATE,END_DATE,JOB_ID,DEPARTMENT_ID) values (114,to_date('24-03-98','DD-MM-RR'),to_date('31-12-99','DD-MM-RR'),'ST_CLERK',50);
Insert into SIVAACADEMY.JOB_HISTORY (EMPLOYEE_ID,START_DATE,END_DATE,JOB_ID,DEPARTMENT_ID) values (122,to_date('01-01-99','DD-MM-RR'),to_date('31-12-99','DD-MM-RR'),'ST_CLERK',50);
Insert into SIVAACADEMY.JOB_HISTORY (EMPLOYEE_ID,START_DATE,END_DATE,JOB_ID,DEPARTMENT_ID) values (200,to_date('17-09-87','DD-MM-RR'),to_date('17-06-93','DD-MM-RR'),'AD_ASST',90);
Insert into SIVAACADEMY.JOB_HISTORY (EMPLOYEE_ID,START_DATE,END_DATE,JOB_ID,DEPARTMENT_ID) values (176,to_date('24-03-98','DD-MM-RR'),to_date('31-12-98','DD-MM-RR'),'SA_REP',80);
Insert into SIVAACADEMY.JOB_HISTORY (EMPLOYEE_ID,START_DATE,END_DATE,JOB_ID,DEPARTMENT_ID) values (176,to_date('01-01-99','DD-MM-RR'),to_date('31-12-99','DD-MM-RR'),'SA_MAN',80);
Insert into SIVAACADEMY.JOB_HISTORY (EMPLOYEE_ID,START_DATE,END_DATE,JOB_ID,DEPARTMENT_ID) values (200,to_date('01-07-94','DD-MM-RR'),to_date('31-12-98','DD-MM-RR'),'AC_ACCOUNT',90);
REM INSERTING into SIVAACADEMY.LOCATIONS
SET DEFINE OFF;
Insert into SIVAACADEMY.LOCATIONS (LOCATION_ID,STREET_ADDRESS,POSTAL_CODE,CITY,STATE_PROVINCE,COUNTRY_ID) values (1000,'1297 Via Cola di Rie','00989','Roma',null,'IT');
Insert into SIVAACADEMY.LOCATIONS (LOCATION_ID,STREET_ADDRESS,POSTAL_CODE,CITY,STATE_PROVINCE,COUNTRY_ID) values (1100,'93091 Calle della Testa','10934','Venice',null,'IT');
Insert into SIVAACADEMY.LOCATIONS (LOCATION_ID,STREET_ADDRESS,POSTAL_CODE,CITY,STATE_PROVINCE,COUNTRY_ID) values (1200,'2017 Shinjuku-ku','1689','Tokyo','Tokyo Prefecture','JP');
Insert into SIVAACADEMY.LOCATIONS (LOCATION_ID,STREET_ADDRESS,POSTAL_CODE,CITY,STATE_PROVINCE,COUNTRY_ID) values (1300,'9450 Kamiya-cho','6823','Hiroshima',null,'JP');
Insert into SIVAACADEMY.LOCATIONS (LOCATION_ID,STREET_ADDRESS,POSTAL_CODE,CITY,STATE_PROVINCE,COUNTRY_ID) values (1400,'2014 Jabberwocky Rd','26192','Southlake','Texas','US');
Insert into SIVAACADEMY.LOCATIONS (LOCATION_ID,STREET_ADDRESS,POSTAL_CODE,CITY,STATE_PROVINCE,COUNTRY_ID) values (1500,'2011 Interiors Blvd','99236','South San Francisco','California','US');
Insert into SIVAACADEMY.LOCATIONS (LOCATION_ID,STREET_ADDRESS,POSTAL_CODE,CITY,STATE_PROVINCE,COUNTRY_ID) values (1600,'2007 Zagora St','50090','South Brunswick','New Jersey','US');
Insert into SIVAACADEMY.LOCATIONS (LOCATION_ID,STREET_ADDRESS,POSTAL_CODE,CITY,STATE_PROVINCE,COUNTRY_ID) values (1700,'2004 Charade Rd','98199','Seattle','Washington','US');
Insert into SIVAACADEMY.LOCATIONS (LOCATION_ID,STREET_ADDRESS,POSTAL_CODE,CITY,STATE_PROVINCE,COUNTRY_ID) values (1800,'147 Spadina Ave','M5V 2L7','Toronto','Ontario','CA');
Insert into SIVAACADEMY.LOCATIONS (LOCATION_ID,STREET_ADDRESS,POSTAL_CODE,CITY,STATE_PROVINCE,COUNTRY_ID) values (1900,'6092 Boxwood St','YSW 9T2','Whitehorse','Yukon','CA');
Insert into SIVAACADEMY.LOCATIONS (LOCATION_ID,STREET_ADDRESS,POSTAL_CODE,CITY,STATE_PROVINCE,COUNTRY_ID) values (2000,'40-5-12 Laogianggen','190518','Beijing',null,'CN');
Insert into SIVAACADEMY.LOCATIONS (LOCATION_ID,STREET_ADDRESS,POSTAL_CODE,CITY,STATE_PROVINCE,COUNTRY_ID) values (2100,'1298 Vileparle (E)','490231','Bombay','Maharashtra','IN');
Insert into SIVAACADEMY.LOCATIONS (LOCATION_ID,STREET_ADDRESS,POSTAL_CODE,CITY,STATE_PROVINCE,COUNTRY_ID) values (2200,'12-98 Victoria Street','2901','Sydney','New South Wales','AU');
Insert into SIVAACADEMY.LOCATIONS (LOCATION_ID,STREET_ADDRESS,POSTAL_CODE,CITY,STATE_PROVINCE,COUNTRY_ID) values (2300,'198 Clementi North','540198','Singapore',null,'SG');
Insert into SIVAACADEMY.LOCATIONS (LOCATION_ID,STREET_ADDRESS,POSTAL_CODE,CITY,STATE_PROVINCE,COUNTRY_ID) values (2400,'8204 Arthur St',null,'London',null,'UK');
Insert into SIVAACADEMY.LOCATIONS (LOCATION_ID,STREET_ADDRESS,POSTAL_CODE,CITY,STATE_PROVINCE,COUNTRY_ID) values (2500,'Magdalen Centre, The Oxford Science Park','OX9 9ZB','Oxford','Oxford','UK');
Insert into SIVAACADEMY.LOCATIONS (LOCATION_ID,STREET_ADDRESS,POSTAL_CODE,CITY,STATE_PROVINCE,COUNTRY_ID) values (2600,'9702 Chester Road','09629850293','Stretford','Manchester','UK');
Insert into SIVAACADEMY.LOCATIONS (LOCATION_ID,STREET_ADDRESS,POSTAL_CODE,CITY,STATE_PROVINCE,COUNTRY_ID) values (2700,'Schwanthalerstr. 7031','80925','Munich','Bavaria','DE');
Insert into SIVAACADEMY.LOCATIONS (LOCATION_ID,STREET_ADDRESS,POSTAL_CODE,CITY,STATE_PROVINCE,COUNTRY_ID) values (2800,'Rua Frei Caneca 1360 ','01307-002','Sao Paulo','Sao Paulo','BR');
Insert into SIVAACADEMY.LOCATIONS (LOCATION_ID,STREET_ADDRESS,POSTAL_CODE,CITY,STATE_PROVINCE,COUNTRY_ID) values (2900,'20 Rue des Corps-Saints','1730','Geneva','Geneve','CH');
Insert into SIVAACADEMY.LOCATIONS (LOCATION_ID,STREET_ADDRESS,POSTAL_CODE,CITY,STATE_PROVINCE,COUNTRY_ID) values (3000,'Murtenstrasse 921','3095','Bern','BE','CH');
Insert into SIVAACADEMY.LOCATIONS (LOCATION_ID,STREET_ADDRESS,POSTAL_CODE,CITY,STATE_PROVINCE,COUNTRY_ID) values (3100,'Pieter Breughelstraat 837','3029SK','Utrecht','Utrecht','NL');
Insert into SIVAACADEMY.LOCATIONS (LOCATION_ID,STREET_ADDRESS,POSTAL_CODE,CITY,STATE_PROVINCE,COUNTRY_ID) values (3200,'Mariano Escobedo 9991','11932','Mexico City','Distrito Federal,','MX');
REM INSERTING into SIVAACADEMY.MY_TUT52
SET DEFINE OFF;
Insert into SIVAACADEMY.MY_TUT52 (SUB_ID,SUB_NAME,SUB_SCHEDULE_DAY) values (1,'ram',SIVAACADEMY.MY_NESTED_TABLE('mon', 'wed', 'fri'));
Insert into SIVAACADEMY.MY_TUT52 (SUB_ID,SUB_NAME,SUB_SCHEDULE_DAY) values (2,'shyam',SIVAACADEMY.MY_NESTED_TABLE('tue', 'thu'));
REM INSERTING into SIVAACADEMY.ORDERS
SET DEFINE OFF;
Insert into SIVAACADEMY.ORDERS (O_ID,CUST_ID,PRICE,CUMM_PRICE,INC_PRICE,VISIT_DT,ORDER_DATE) values (1,1,100,100,null,null,to_date('26-04-23','DD-MM-RR'));
Insert into SIVAACADEMY.ORDERS (O_ID,CUST_ID,PRICE,CUMM_PRICE,INC_PRICE,VISIT_DT,ORDER_DATE) values (2,1,200,300,null,null,to_date('15-11-24','DD-MM-RR'));
Insert into SIVAACADEMY.ORDERS (O_ID,CUST_ID,PRICE,CUMM_PRICE,INC_PRICE,VISIT_DT,ORDER_DATE) values (3,1,150,450,null,null,to_date('23-07-23','DD-MM-RR'));
Insert into SIVAACADEMY.ORDERS (O_ID,CUST_ID,PRICE,CUMM_PRICE,INC_PRICE,VISIT_DT,ORDER_DATE) values (4,2,500,500,null,null,to_date('24-06-23','DD-MM-RR'));
Insert into SIVAACADEMY.ORDERS (O_ID,CUST_ID,PRICE,CUMM_PRICE,INC_PRICE,VISIT_DT,ORDER_DATE) values (5,3,1000,1000,null,null,to_date('30-12-24','DD-MM-RR'));
Insert into SIVAACADEMY.ORDERS (O_ID,CUST_ID,PRICE,CUMM_PRICE,INC_PRICE,VISIT_DT,ORDER_DATE) values (6,3,2000,3000,null,null,to_date('20-12-23','DD-MM-RR'));
REM INSERTING into SIVAACADEMY.OTP_DETAILS
SET DEFINE OFF;
Insert into SIVAACADEMY.OTP_DETAILS (EMAIL,OTP,OTP_GEN_TIME,OTP_EXP_TIME) values ('abc1@gmail.com',751040,to_timestamp('27-06-24 11:32:36.347000000 PM','DD-MM-RR fmHH12:fmMI:SSXFF AM'),to_timestamp('27-06-24 11:33:36.000000000 PM','DD-MM-RR fmHH12:fmMI:SSXFF AM'));
REM INSERTING into SIVAACADEMY.REGEXP_TAB
SET DEFINE OFF;
Insert into SIVAACADEMY.REGEXP_TAB (ID,ONLY_DIGITS,ONLY_LETTERS,ONLY_SYMBOLS,ALPHANUM_MIXED,EMAIL_LIKE,DOMAIN_DATA,PHONE_NUMBER,SPECIAL_CASE,JUNK_DATA) values (11,'007','Bond','***','007Bond***','bond@mi6.uk','mi6.uk','123-456','007*Bond*','junk007$$');
Insert into SIVAACADEMY.REGEXP_TAB (ID,ONLY_DIGITS,ONLY_LETTERS,ONLY_SYMBOLS,ALPHANUM_MIXED,EMAIL_LIKE,DOMAIN_DATA,PHONE_NUMBER,SPECIAL_CASE,JUNK_DATA) values (12,'999','Alpha','@@##','Alpha999','alpha@zeta.com','zeta.com','9999999999','AlphaZeta99!','random^data$');
Insert into SIVAACADEMY.REGEXP_TAB (ID,ONLY_DIGITS,ONLY_LETTERS,ONLY_SYMBOLS,ALPHANUM_MIXED,EMAIL_LIKE,DOMAIN_DATA,PHONE_NUMBER,SPECIAL_CASE,JUNK_DATA) values (13,'42','Hello','#$','Hello42','hello@domain.com','domain.com','800-555-0000','Hello#42','^^!!');
Insert into SIVAACADEMY.REGEXP_TAB (ID,ONLY_DIGITS,ONLY_LETTERS,ONLY_SYMBOLS,ALPHANUM_MIXED,EMAIL_LIKE,DOMAIN_DATA,PHONE_NUMBER,SPECIAL_CASE,JUNK_DATA) values (14,'86420','World','^^&&','World86420','world@oracle.net','oracle.net','1234567890','Wor^ld*','m!x3d');
Insert into SIVAACADEMY.REGEXP_TAB (ID,ONLY_DIGITS,ONLY_LETTERS,ONLY_SYMBOLS,ALPHANUM_MIXED,EMAIL_LIKE,DOMAIN_DATA,PHONE_NUMBER,SPECIAL_CASE,JUNK_DATA) values (15,'3.14','Pi','!pi!','pi3.14rocks','pi@math.com','math.com','314-159-2653','Pi=3.14','@@@pi');
Insert into SIVAACADEMY.REGEXP_TAB (ID,ONLY_DIGITS,ONLY_LETTERS,ONLY_SYMBOLS,ALPHANUM_MIXED,EMAIL_LIKE,DOMAIN_DATA,PHONE_NUMBER,SPECIAL_CASE,JUNK_DATA) values (16,'000','Null','!!!','Null000',null,null,null,null,null);
Insert into SIVAACADEMY.REGEXP_TAB (ID,ONLY_DIGITS,ONLY_LETTERS,ONLY_SYMBOLS,ALPHANUM_MIXED,EMAIL_LIKE,DOMAIN_DATA,PHONE_NUMBER,SPECIAL_CASE,JUNK_DATA) values (17,'13579','Odd','%%%','Odd13579','odd@num.com','num.com',null,null,null);
Insert into SIVAACADEMY.REGEXP_TAB (ID,ONLY_DIGITS,ONLY_LETTERS,ONLY_SYMBOLS,ALPHANUM_MIXED,EMAIL_LIKE,DOMAIN_DATA,PHONE_NUMBER,SPECIAL_CASE,JUNK_DATA) values (18,null,null,null,'AB12CD34',null,null,null,null,null);
Insert into SIVAACADEMY.REGEXP_TAB (ID,ONLY_DIGITS,ONLY_LETTERS,ONLY_SYMBOLS,ALPHANUM_MIXED,EMAIL_LIKE,DOMAIN_DATA,PHONE_NUMBER,SPECIAL_CASE,JUNK_DATA) values (19,null,null,null,'XYZ789ABC',null,null,null,null,null);
Insert into SIVAACADEMY.REGEXP_TAB (ID,ONLY_DIGITS,ONLY_LETTERS,ONLY_SYMBOLS,ALPHANUM_MIXED,EMAIL_LIKE,DOMAIN_DATA,PHONE_NUMBER,SPECIAL_CASE,JUNK_DATA) values (20,'1010','Binary','!!','Binary1010','bin@comp.net','comp.net',null,'Bin#1010','weird$$data');
REM INSERTING into SIVAACADEMY.REGIONS
SET DEFINE OFF;
Insert into SIVAACADEMY.REGIONS (REGION_ID,REGION_NAME) values (1,'Europe');
Insert into SIVAACADEMY.REGIONS (REGION_ID,REGION_NAME) values (2,'Americas');
Insert into SIVAACADEMY.REGIONS (REGION_ID,REGION_NAME) values (3,'Asia');
Insert into SIVAACADEMY.REGIONS (REGION_ID,REGION_NAME) values (4,'Middle East and Africa');
REM INSERTING into SIVAACADEMY.SALES_DATA
SET DEFINE OFF;
Insert into SIVAACADEMY.SALES_DATA (REGION_NAME,SALES_DATE,AMOUNT,PRODUCT_ID,SALES_REP,TRANSACTION_ID,CREATED_AT) values ('Region1',to_date('01-02-23','DD-MM-RR'),197.24,'P2','SalesRep2','T1',to_date('24-12-24','DD-MM-RR'));
Insert into SIVAACADEMY.SALES_DATA (REGION_NAME,SALES_DATE,AMOUNT,PRODUCT_ID,SALES_REP,TRANSACTION_ID,CREATED_AT) values ('Region2',to_date('01-03-23','DD-MM-RR'),176.41,'P3','SalesRep3','T2',to_date('24-12-24','DD-MM-RR'));
Insert into SIVAACADEMY.SALES_DATA (REGION_NAME,SALES_DATE,AMOUNT,PRODUCT_ID,SALES_REP,TRANSACTION_ID,CREATED_AT) values ('Region3',to_date('01-04-23','DD-MM-RR'),51.53,'P4','SalesRep4','T3',to_date('24-12-24','DD-MM-RR'));
Insert into SIVAACADEMY.SALES_DATA (REGION_NAME,SALES_DATE,AMOUNT,PRODUCT_ID,SALES_REP,TRANSACTION_ID,CREATED_AT) values ('Region4',to_date('01-05-23','DD-MM-RR'),158.05,'P5','SalesRep5','T4',to_date('24-12-24','DD-MM-RR'));
Insert into SIVAACADEMY.SALES_DATA (REGION_NAME,SALES_DATE,AMOUNT,PRODUCT_ID,SALES_REP,TRANSACTION_ID,CREATED_AT) values ('Region5',to_date('01-06-23','DD-MM-RR'),177.84,'P6','SalesRep1','T5',to_date('24-12-24','DD-MM-RR'));
Insert into SIVAACADEMY.SALES_DATA (REGION_NAME,SALES_DATE,AMOUNT,PRODUCT_ID,SALES_REP,TRANSACTION_ID,CREATED_AT) values ('Region6',to_date('01-07-23','DD-MM-RR'),138.51,'P7','SalesRep2','T6',to_date('24-12-24','DD-MM-RR'));
Insert into SIVAACADEMY.SALES_DATA (REGION_NAME,SALES_DATE,AMOUNT,PRODUCT_ID,SALES_REP,TRANSACTION_ID,CREATED_AT) values ('Region7',to_date('01-08-23','DD-MM-RR'),77.74,'P8','SalesRep3','T7',to_date('24-12-24','DD-MM-RR'));
Insert into SIVAACADEMY.SALES_DATA (REGION_NAME,SALES_DATE,AMOUNT,PRODUCT_ID,SALES_REP,TRANSACTION_ID,CREATED_AT) values ('Region8',to_date('01-09-23','DD-MM-RR'),176.38,'P9','SalesRep4','T8',to_date('24-12-24','DD-MM-RR'));
Insert into SIVAACADEMY.SALES_DATA (REGION_NAME,SALES_DATE,AMOUNT,PRODUCT_ID,SALES_REP,TRANSACTION_ID,CREATED_AT) values ('Region9',to_date('01-10-23','DD-MM-RR'),66.65,'P10','SalesRep5','T9',to_date('24-12-24','DD-MM-RR'));
Insert into SIVAACADEMY.SALES_DATA (REGION_NAME,SALES_DATE,AMOUNT,PRODUCT_ID,SALES_REP,TRANSACTION_ID,CREATED_AT) values ('Region0',to_date('01-11-23','DD-MM-RR'),172.1,'P1','SalesRep1','T10',to_date('24-12-24','DD-MM-RR'));
Insert into SIVAACADEMY.SALES_DATA (REGION_NAME,SALES_DATE,AMOUNT,PRODUCT_ID,SALES_REP,TRANSACTION_ID,CREATED_AT) values ('Region1',to_date('01-12-23','DD-MM-RR'),63.31,'P2','SalesRep2','T11',to_date('24-12-24','DD-MM-RR'));
Insert into SIVAACADEMY.SALES_DATA (REGION_NAME,SALES_DATE,AMOUNT,PRODUCT_ID,SALES_REP,TRANSACTION_ID,CREATED_AT) values ('Region2',to_date('01-01-23','DD-MM-RR'),141.96,'P3','SalesRep3','T12',to_date('24-12-24','DD-MM-RR'));
Insert into SIVAACADEMY.SALES_DATA (REGION_NAME,SALES_DATE,AMOUNT,PRODUCT_ID,SALES_REP,TRANSACTION_ID,CREATED_AT) values ('Region3',to_date('01-02-23','DD-MM-RR'),94.25,'P4','SalesRep4','T13',to_date('24-12-24','DD-MM-RR'));
Insert into SIVAACADEMY.SALES_DATA (REGION_NAME,SALES_DATE,AMOUNT,PRODUCT_ID,SALES_REP,TRANSACTION_ID,CREATED_AT) values ('Region4',to_date('01-03-23','DD-MM-RR'),52.93,'P5','SalesRep5','T14',to_date('24-12-24','DD-MM-RR'));
Insert into SIVAACADEMY.SALES_DATA (REGION_NAME,SALES_DATE,AMOUNT,PRODUCT_ID,SALES_REP,TRANSACTION_ID,CREATED_AT) values ('Region5',to_date('01-04-23','DD-MM-RR'),179.27,'P6','SalesRep1','T15',to_date('24-12-24','DD-MM-RR'));
Insert into SIVAACADEMY.SALES_DATA (REGION_NAME,SALES_DATE,AMOUNT,PRODUCT_ID,SALES_REP,TRANSACTION_ID,CREATED_AT) values ('Region6',to_date('01-05-23','DD-MM-RR'),64.44,'P7','SalesRep2','T16',to_date('24-12-24','DD-MM-RR'));
Insert into SIVAACADEMY.SALES_DATA (REGION_NAME,SALES_DATE,AMOUNT,PRODUCT_ID,SALES_REP,TRANSACTION_ID,CREATED_AT) values ('Region7',to_date('01-06-23','DD-MM-RR'),58.46,'P8','SalesRep3','T17',to_date('24-12-24','DD-MM-RR'));
Insert into SIVAACADEMY.SALES_DATA (REGION_NAME,SALES_DATE,AMOUNT,PRODUCT_ID,SALES_REP,TRANSACTION_ID,CREATED_AT) values ('Region8',to_date('01-07-23','DD-MM-RR'),152.34,'P9','SalesRep4','T18',to_date('24-12-24','DD-MM-RR'));
Insert into SIVAACADEMY.SALES_DATA (REGION_NAME,SALES_DATE,AMOUNT,PRODUCT_ID,SALES_REP,TRANSACTION_ID,CREATED_AT) values ('Region9',to_date('01-08-23','DD-MM-RR'),83.8,'P10','SalesRep5','T19',to_date('24-12-24','DD-MM-RR'));
Insert into SIVAACADEMY.SALES_DATA (REGION_NAME,SALES_DATE,AMOUNT,PRODUCT_ID,SALES_REP,TRANSACTION_ID,CREATED_AT) values ('Region0',to_date('01-09-23','DD-MM-RR'),158.54,'P1','SalesRep1','T20',to_date('24-12-24','DD-MM-RR'));
Insert into SIVAACADEMY.SALES_DATA (REGION_NAME,SALES_DATE,AMOUNT,PRODUCT_ID,SALES_REP,TRANSACTION_ID,CREATED_AT) values ('Region1',to_date('01-10-23','DD-MM-RR'),145.06,'P2','SalesRep2','T21',to_date('24-12-24','DD-MM-RR'));
Insert into SIVAACADEMY.SALES_DATA (REGION_NAME,SALES_DATE,AMOUNT,PRODUCT_ID,SALES_REP,TRANSACTION_ID,CREATED_AT) values ('Region2',to_date('01-11-23','DD-MM-RR'),152.38,'P3','SalesRep3','T22',to_date('24-12-24','DD-MM-RR'));
Insert into SIVAACADEMY.SALES_DATA (REGION_NAME,SALES_DATE,AMOUNT,PRODUCT_ID,SALES_REP,TRANSACTION_ID,CREATED_AT) values ('Region3',to_date('01-12-23','DD-MM-RR'),119.45,'P4','SalesRep4','T23',to_date('24-12-24','DD-MM-RR'));
Insert into SIVAACADEMY.SALES_DATA (REGION_NAME,SALES_DATE,AMOUNT,PRODUCT_ID,SALES_REP,TRANSACTION_ID,CREATED_AT) values ('Region4',to_date('01-01-23','DD-MM-RR'),74.88,'P5','SalesRep5','T24',to_date('24-12-24','DD-MM-RR'));
Insert into SIVAACADEMY.SALES_DATA (REGION_NAME,SALES_DATE,AMOUNT,PRODUCT_ID,SALES_REP,TRANSACTION_ID,CREATED_AT) values ('Region5',to_date('01-02-23','DD-MM-RR'),173.51,'P6','SalesRep1','T25',to_date('24-12-24','DD-MM-RR'));
Insert into SIVAACADEMY.SALES_DATA (REGION_NAME,SALES_DATE,AMOUNT,PRODUCT_ID,SALES_REP,TRANSACTION_ID,CREATED_AT) values ('Region6',to_date('01-03-23','DD-MM-RR'),191.27,'P7','SalesRep2','T26',to_date('24-12-24','DD-MM-RR'));
Insert into SIVAACADEMY.SALES_DATA (REGION_NAME,SALES_DATE,AMOUNT,PRODUCT_ID,SALES_REP,TRANSACTION_ID,CREATED_AT) values ('Region7',to_date('01-04-23','DD-MM-RR'),118.42,'P8','SalesRep3','T27',to_date('24-12-24','DD-MM-RR'));
Insert into SIVAACADEMY.SALES_DATA (REGION_NAME,SALES_DATE,AMOUNT,PRODUCT_ID,SALES_REP,TRANSACTION_ID,CREATED_AT) values ('Region8',to_date('01-05-23','DD-MM-RR'),153.93,'P9','SalesRep4','T28',to_date('24-12-24','DD-MM-RR'));
Insert into SIVAACADEMY.SALES_DATA (REGION_NAME,SALES_DATE,AMOUNT,PRODUCT_ID,SALES_REP,TRANSACTION_ID,CREATED_AT) values ('Region9',to_date('01-06-23','DD-MM-RR'),90.2,'P10','SalesRep5','T29',to_date('24-12-24','DD-MM-RR'));
Insert into SIVAACADEMY.SALES_DATA (REGION_NAME,SALES_DATE,AMOUNT,PRODUCT_ID,SALES_REP,TRANSACTION_ID,CREATED_AT) values ('Region0',to_date('01-07-23','DD-MM-RR'),161.83,'P1','SalesRep1','T30',to_date('24-12-24','DD-MM-RR'));
Insert into SIVAACADEMY.SALES_DATA (REGION_NAME,SALES_DATE,AMOUNT,PRODUCT_ID,SALES_REP,TRANSACTION_ID,CREATED_AT) values ('Region1',to_date('01-08-23','DD-MM-RR'),82.31,'P2','SalesRep2','T31',to_date('24-12-24','DD-MM-RR'));
Insert into SIVAACADEMY.SALES_DATA (REGION_NAME,SALES_DATE,AMOUNT,PRODUCT_ID,SALES_REP,TRANSACTION_ID,CREATED_AT) values ('Region2',to_date('01-09-23','DD-MM-RR'),110.31,'P3','SalesRep3','T32',to_date('24-12-24','DD-MM-RR'));
Insert into SIVAACADEMY.SALES_DATA (REGION_NAME,SALES_DATE,AMOUNT,PRODUCT_ID,SALES_REP,TRANSACTION_ID,CREATED_AT) values ('Region3',to_date('01-10-23','DD-MM-RR'),166.95,'P4','SalesRep4','T33',to_date('24-12-24','DD-MM-RR'));
Insert into SIVAACADEMY.SALES_DATA (REGION_NAME,SALES_DATE,AMOUNT,PRODUCT_ID,SALES_REP,TRANSACTION_ID,CREATED_AT) values ('Region4',to_date('01-11-23','DD-MM-RR'),88.6,'P5','SalesRep5','T34',to_date('24-12-24','DD-MM-RR'));
Insert into SIVAACADEMY.SALES_DATA (REGION_NAME,SALES_DATE,AMOUNT,PRODUCT_ID,SALES_REP,TRANSACTION_ID,CREATED_AT) values ('Region5',to_date('01-12-23','DD-MM-RR'),107.02,'P6','SalesRep1','T35',to_date('24-12-24','DD-MM-RR'));
Insert into SIVAACADEMY.SALES_DATA (REGION_NAME,SALES_DATE,AMOUNT,PRODUCT_ID,SALES_REP,TRANSACTION_ID,CREATED_AT) values ('Region6',to_date('01-01-23','DD-MM-RR'),93.23,'P7','SalesRep2','T36',to_date('24-12-24','DD-MM-RR'));
Insert into SIVAACADEMY.SALES_DATA (REGION_NAME,SALES_DATE,AMOUNT,PRODUCT_ID,SALES_REP,TRANSACTION_ID,CREATED_AT) values ('Region7',to_date('01-02-23','DD-MM-RR'),57.29,'P8','SalesRep3','T37',to_date('24-12-24','DD-MM-RR'));
Insert into SIVAACADEMY.SALES_DATA (REGION_NAME,SALES_DATE,AMOUNT,PRODUCT_ID,SALES_REP,TRANSACTION_ID,CREATED_AT) values ('Region8',to_date('01-03-23','DD-MM-RR'),160.11,'P9','SalesRep4','T38',to_date('24-12-24','DD-MM-RR'));
Insert into SIVAACADEMY.SALES_DATA (REGION_NAME,SALES_DATE,AMOUNT,PRODUCT_ID,SALES_REP,TRANSACTION_ID,CREATED_AT) values ('Region9',to_date('01-04-23','DD-MM-RR'),85.74,'P10','SalesRep5','T39',to_date('24-12-24','DD-MM-RR'));
Insert into SIVAACADEMY.SALES_DATA (REGION_NAME,SALES_DATE,AMOUNT,PRODUCT_ID,SALES_REP,TRANSACTION_ID,CREATED_AT) values ('Region0',to_date('01-05-23','DD-MM-RR'),155.24,'P1','SalesRep1','T40',to_date('24-12-24','DD-MM-RR'));
Insert into SIVAACADEMY.SALES_DATA (REGION_NAME,SALES_DATE,AMOUNT,PRODUCT_ID,SALES_REP,TRANSACTION_ID,CREATED_AT) values ('Region1',to_date('01-06-23','DD-MM-RR'),196.44,'P2','SalesRep2','T41',to_date('24-12-24','DD-MM-RR'));
Insert into SIVAACADEMY.SALES_DATA (REGION_NAME,SALES_DATE,AMOUNT,PRODUCT_ID,SALES_REP,TRANSACTION_ID,CREATED_AT) values ('Region2',to_date('01-07-23','DD-MM-RR'),129.09,'P3','SalesRep3','T42',to_date('24-12-24','DD-MM-RR'));
Insert into SIVAACADEMY.SALES_DATA (REGION_NAME,SALES_DATE,AMOUNT,PRODUCT_ID,SALES_REP,TRANSACTION_ID,CREATED_AT) values ('Region3',to_date('01-08-23','DD-MM-RR'),87.37,'P4','SalesRep4','T43',to_date('24-12-24','DD-MM-RR'));
Insert into SIVAACADEMY.SALES_DATA (REGION_NAME,SALES_DATE,AMOUNT,PRODUCT_ID,SALES_REP,TRANSACTION_ID,CREATED_AT) values ('Region4',to_date('01-09-23','DD-MM-RR'),176.48,'P5','SalesRep5','T44',to_date('24-12-24','DD-MM-RR'));
Insert into SIVAACADEMY.SALES_DATA (REGION_NAME,SALES_DATE,AMOUNT,PRODUCT_ID,SALES_REP,TRANSACTION_ID,CREATED_AT) values ('Region5',to_date('01-10-23','DD-MM-RR'),197.63,'P6','SalesRep1','T45',to_date('24-12-24','DD-MM-RR'));
Insert into SIVAACADEMY.SALES_DATA (REGION_NAME,SALES_DATE,AMOUNT,PRODUCT_ID,SALES_REP,TRANSACTION_ID,CREATED_AT) values ('Region6',to_date('01-11-23','DD-MM-RR'),58.66,'P7','SalesRep2','T46',to_date('24-12-24','DD-MM-RR'));
Insert into SIVAACADEMY.SALES_DATA (REGION_NAME,SALES_DATE,AMOUNT,PRODUCT_ID,SALES_REP,TRANSACTION_ID,CREATED_AT) values ('Region7',to_date('01-12-23','DD-MM-RR'),113.71,'P8','SalesRep3','T47',to_date('24-12-24','DD-MM-RR'));
Insert into SIVAACADEMY.SALES_DATA (REGION_NAME,SALES_DATE,AMOUNT,PRODUCT_ID,SALES_REP,TRANSACTION_ID,CREATED_AT) values ('Region8',to_date('01-01-23','DD-MM-RR'),129.15,'P9','SalesRep4','T48',to_date('24-12-24','DD-MM-RR'));
Insert into SIVAACADEMY.SALES_DATA (REGION_NAME,SALES_DATE,AMOUNT,PRODUCT_ID,SALES_REP,TRANSACTION_ID,CREATED_AT) values ('Region9',to_date('01-02-23','DD-MM-RR'),93.17,'P10','SalesRep5','T49',to_date('24-12-24','DD-MM-RR'));
Insert into SIVAACADEMY.SALES_DATA (REGION_NAME,SALES_DATE,AMOUNT,PRODUCT_ID,SALES_REP,TRANSACTION_ID,CREATED_AT) values ('Region0',to_date('01-03-23','DD-MM-RR'),124.05,'P1','SalesRep1','T50',to_date('24-12-24','DD-MM-RR'));
Insert into SIVAACADEMY.SALES_DATA (REGION_NAME,SALES_DATE,AMOUNT,PRODUCT_ID,SALES_REP,TRANSACTION_ID,CREATED_AT) values ('Region1',to_date('01-04-23','DD-MM-RR'),129.3,'P2','SalesRep2','T51',to_date('24-12-24','DD-MM-RR'));
Insert into SIVAACADEMY.SALES_DATA (REGION_NAME,SALES_DATE,AMOUNT,PRODUCT_ID,SALES_REP,TRANSACTION_ID,CREATED_AT) values ('Region2',to_date('01-05-23','DD-MM-RR'),55.21,'P3','SalesRep3','T52',to_date('24-12-24','DD-MM-RR'));
Insert into SIVAACADEMY.SALES_DATA (REGION_NAME,SALES_DATE,AMOUNT,PRODUCT_ID,SALES_REP,TRANSACTION_ID,CREATED_AT) values ('Region3',to_date('01-06-23','DD-MM-RR'),147.51,'P4','SalesRep4','T53',to_date('24-12-24','DD-MM-RR'));
Insert into SIVAACADEMY.SALES_DATA (REGION_NAME,SALES_DATE,AMOUNT,PRODUCT_ID,SALES_REP,TRANSACTION_ID,CREATED_AT) values ('Region4',to_date('01-07-23','DD-MM-RR'),93.67,'P5','SalesRep5','T54',to_date('24-12-24','DD-MM-RR'));
Insert into SIVAACADEMY.SALES_DATA (REGION_NAME,SALES_DATE,AMOUNT,PRODUCT_ID,SALES_REP,TRANSACTION_ID,CREATED_AT) values ('Region5',to_date('01-08-23','DD-MM-RR'),85.22,'P6','SalesRep1','T55',to_date('24-12-24','DD-MM-RR'));
Insert into SIVAACADEMY.SALES_DATA (REGION_NAME,SALES_DATE,AMOUNT,PRODUCT_ID,SALES_REP,TRANSACTION_ID,CREATED_AT) values ('Region6',to_date('01-09-23','DD-MM-RR'),170.74,'P7','SalesRep2','T56',to_date('24-12-24','DD-MM-RR'));
Insert into SIVAACADEMY.SALES_DATA (REGION_NAME,SALES_DATE,AMOUNT,PRODUCT_ID,SALES_REP,TRANSACTION_ID,CREATED_AT) values ('Region7',to_date('01-10-23','DD-MM-RR'),167.69,'P8','SalesRep3','T57',to_date('24-12-24','DD-MM-RR'));
Insert into SIVAACADEMY.SALES_DATA (REGION_NAME,SALES_DATE,AMOUNT,PRODUCT_ID,SALES_REP,TRANSACTION_ID,CREATED_AT) values ('Region8',to_date('01-11-23','DD-MM-RR'),119.95,'P9','SalesRep4','T58',to_date('24-12-24','DD-MM-RR'));
Insert into SIVAACADEMY.SALES_DATA (REGION_NAME,SALES_DATE,AMOUNT,PRODUCT_ID,SALES_REP,TRANSACTION_ID,CREATED_AT) values ('Region9',to_date('01-12-23','DD-MM-RR'),111.97,'P10','SalesRep5','T59',to_date('24-12-24','DD-MM-RR'));
Insert into SIVAACADEMY.SALES_DATA (REGION_NAME,SALES_DATE,AMOUNT,PRODUCT_ID,SALES_REP,TRANSACTION_ID,CREATED_AT) values ('Region0',to_date('01-01-23','DD-MM-RR'),68.04,'P1','SalesRep1','T60',to_date('24-12-24','DD-MM-RR'));
Insert into SIVAACADEMY.SALES_DATA (REGION_NAME,SALES_DATE,AMOUNT,PRODUCT_ID,SALES_REP,TRANSACTION_ID,CREATED_AT) values ('Region1',to_date('01-02-23','DD-MM-RR'),100.33,'P2','SalesRep2','T61',to_date('24-12-24','DD-MM-RR'));
Insert into SIVAACADEMY.SALES_DATA (REGION_NAME,SALES_DATE,AMOUNT,PRODUCT_ID,SALES_REP,TRANSACTION_ID,CREATED_AT) values ('Region2',to_date('01-03-23','DD-MM-RR'),110.06,'P3','SalesRep3','T62',to_date('24-12-24','DD-MM-RR'));
Insert into SIVAACADEMY.SALES_DATA (REGION_NAME,SALES_DATE,AMOUNT,PRODUCT_ID,SALES_REP,TRANSACTION_ID,CREATED_AT) values ('Region3',to_date('01-04-23','DD-MM-RR'),86.69,'P4','SalesRep4','T63',to_date('24-12-24','DD-MM-RR'));
Insert into SIVAACADEMY.SALES_DATA (REGION_NAME,SALES_DATE,AMOUNT,PRODUCT_ID,SALES_REP,TRANSACTION_ID,CREATED_AT) values ('Region4',to_date('01-05-23','DD-MM-RR'),183.6,'P5','SalesRep5','T64',to_date('24-12-24','DD-MM-RR'));
Insert into SIVAACADEMY.SALES_DATA (REGION_NAME,SALES_DATE,AMOUNT,PRODUCT_ID,SALES_REP,TRANSACTION_ID,CREATED_AT) values ('Region5',to_date('01-06-23','DD-MM-RR'),60.7,'P6','SalesRep1','T65',to_date('24-12-24','DD-MM-RR'));
Insert into SIVAACADEMY.SALES_DATA (REGION_NAME,SALES_DATE,AMOUNT,PRODUCT_ID,SALES_REP,TRANSACTION_ID,CREATED_AT) values ('Region6',to_date('01-07-23','DD-MM-RR'),120.33,'P7','SalesRep2','T66',to_date('24-12-24','DD-MM-RR'));
Insert into SIVAACADEMY.SALES_DATA (REGION_NAME,SALES_DATE,AMOUNT,PRODUCT_ID,SALES_REP,TRANSACTION_ID,CREATED_AT) values ('Region7',to_date('01-08-23','DD-MM-RR'),185.19,'P8','SalesRep3','T67',to_date('24-12-24','DD-MM-RR'));
Insert into SIVAACADEMY.SALES_DATA (REGION_NAME,SALES_DATE,AMOUNT,PRODUCT_ID,SALES_REP,TRANSACTION_ID,CREATED_AT) values ('Region8',to_date('01-09-23','DD-MM-RR'),101.54,'P9','SalesRep4','T68',to_date('24-12-24','DD-MM-RR'));
Insert into SIVAACADEMY.SALES_DATA (REGION_NAME,SALES_DATE,AMOUNT,PRODUCT_ID,SALES_REP,TRANSACTION_ID,CREATED_AT) values ('Region9',to_date('01-10-23','DD-MM-RR'),163.04,'P10','SalesRep5','T69',to_date('24-12-24','DD-MM-RR'));
Insert into SIVAACADEMY.SALES_DATA (REGION_NAME,SALES_DATE,AMOUNT,PRODUCT_ID,SALES_REP,TRANSACTION_ID,CREATED_AT) values ('Region0',to_date('01-11-23','DD-MM-RR'),65.01,'P1','SalesRep1','T70',to_date('24-12-24','DD-MM-RR'));
Insert into SIVAACADEMY.SALES_DATA (REGION_NAME,SALES_DATE,AMOUNT,PRODUCT_ID,SALES_REP,TRANSACTION_ID,CREATED_AT) values ('Region1',to_date('01-12-23','DD-MM-RR'),169.68,'P2','SalesRep2','T71',to_date('24-12-24','DD-MM-RR'));
Insert into SIVAACADEMY.SALES_DATA (REGION_NAME,SALES_DATE,AMOUNT,PRODUCT_ID,SALES_REP,TRANSACTION_ID,CREATED_AT) values ('Region2',to_date('01-01-23','DD-MM-RR'),54.9,'P3','SalesRep3','T72',to_date('24-12-24','DD-MM-RR'));
Insert into SIVAACADEMY.SALES_DATA (REGION_NAME,SALES_DATE,AMOUNT,PRODUCT_ID,SALES_REP,TRANSACTION_ID,CREATED_AT) values ('Region3',to_date('01-02-23','DD-MM-RR'),81.43,'P4','SalesRep4','T73',to_date('24-12-24','DD-MM-RR'));
Insert into SIVAACADEMY.SALES_DATA (REGION_NAME,SALES_DATE,AMOUNT,PRODUCT_ID,SALES_REP,TRANSACTION_ID,CREATED_AT) values ('Region4',to_date('01-03-23','DD-MM-RR'),121.17,'P5','SalesRep5','T74',to_date('24-12-24','DD-MM-RR'));
Insert into SIVAACADEMY.SALES_DATA (REGION_NAME,SALES_DATE,AMOUNT,PRODUCT_ID,SALES_REP,TRANSACTION_ID,CREATED_AT) values ('Region5',to_date('01-04-23','DD-MM-RR'),135.02,'P6','SalesRep1','T75',to_date('24-12-24','DD-MM-RR'));
Insert into SIVAACADEMY.SALES_DATA (REGION_NAME,SALES_DATE,AMOUNT,PRODUCT_ID,SALES_REP,TRANSACTION_ID,CREATED_AT) values ('Region6',to_date('01-05-23','DD-MM-RR'),142.69,'P7','SalesRep2','T76',to_date('24-12-24','DD-MM-RR'));
Insert into SIVAACADEMY.SALES_DATA (REGION_NAME,SALES_DATE,AMOUNT,PRODUCT_ID,SALES_REP,TRANSACTION_ID,CREATED_AT) values ('Region7',to_date('01-06-23','DD-MM-RR'),161.04,'P8','SalesRep3','T77',to_date('24-12-24','DD-MM-RR'));
Insert into SIVAACADEMY.SALES_DATA (REGION_NAME,SALES_DATE,AMOUNT,PRODUCT_ID,SALES_REP,TRANSACTION_ID,CREATED_AT) values ('Region8',to_date('01-07-23','DD-MM-RR'),183.15,'P9','SalesRep4','T78',to_date('24-12-24','DD-MM-RR'));
Insert into SIVAACADEMY.SALES_DATA (REGION_NAME,SALES_DATE,AMOUNT,PRODUCT_ID,SALES_REP,TRANSACTION_ID,CREATED_AT) values ('Region9',to_date('01-08-23','DD-MM-RR'),154.03,'P10','SalesRep5','T79',to_date('24-12-24','DD-MM-RR'));
Insert into SIVAACADEMY.SALES_DATA (REGION_NAME,SALES_DATE,AMOUNT,PRODUCT_ID,SALES_REP,TRANSACTION_ID,CREATED_AT) values ('Region0',to_date('01-09-23','DD-MM-RR'),66.67,'P1','SalesRep1','T80',to_date('24-12-24','DD-MM-RR'));
Insert into SIVAACADEMY.SALES_DATA (REGION_NAME,SALES_DATE,AMOUNT,PRODUCT_ID,SALES_REP,TRANSACTION_ID,CREATED_AT) values ('Region1',to_date('01-10-23','DD-MM-RR'),115.32,'P2','SalesRep2','T81',to_date('24-12-24','DD-MM-RR'));
Insert into SIVAACADEMY.SALES_DATA (REGION_NAME,SALES_DATE,AMOUNT,PRODUCT_ID,SALES_REP,TRANSACTION_ID,CREATED_AT) values ('Region2',to_date('01-11-23','DD-MM-RR'),197.72,'P3','SalesRep3','T82',to_date('24-12-24','DD-MM-RR'));
Insert into SIVAACADEMY.SALES_DATA (REGION_NAME,SALES_DATE,AMOUNT,PRODUCT_ID,SALES_REP,TRANSACTION_ID,CREATED_AT) values ('Region3',to_date('01-12-23','DD-MM-RR'),159.13,'P4','SalesRep4','T83',to_date('24-12-24','DD-MM-RR'));
Insert into SIVAACADEMY.SALES_DATA (REGION_NAME,SALES_DATE,AMOUNT,PRODUCT_ID,SALES_REP,TRANSACTION_ID,CREATED_AT) values ('Region4',to_date('01-01-23','DD-MM-RR'),187.7,'P5','SalesRep5','T84',to_date('24-12-24','DD-MM-RR'));
Insert into SIVAACADEMY.SALES_DATA (REGION_NAME,SALES_DATE,AMOUNT,PRODUCT_ID,SALES_REP,TRANSACTION_ID,CREATED_AT) values ('Region5',to_date('01-02-23','DD-MM-RR'),55.5,'P6','SalesRep1','T85',to_date('24-12-24','DD-MM-RR'));
Insert into SIVAACADEMY.SALES_DATA (REGION_NAME,SALES_DATE,AMOUNT,PRODUCT_ID,SALES_REP,TRANSACTION_ID,CREATED_AT) values ('Region6',to_date('01-03-23','DD-MM-RR'),117.53,'P7','SalesRep2','T86',to_date('24-12-24','DD-MM-RR'));
Insert into SIVAACADEMY.SALES_DATA (REGION_NAME,SALES_DATE,AMOUNT,PRODUCT_ID,SALES_REP,TRANSACTION_ID,CREATED_AT) values ('Region7',to_date('01-04-23','DD-MM-RR'),81.05,'P8','SalesRep3','T87',to_date('24-12-24','DD-MM-RR'));
Insert into SIVAACADEMY.SALES_DATA (REGION_NAME,SALES_DATE,AMOUNT,PRODUCT_ID,SALES_REP,TRANSACTION_ID,CREATED_AT) values ('Region8',to_date('01-05-23','DD-MM-RR'),134.64,'P9','SalesRep4','T88',to_date('24-12-24','DD-MM-RR'));
Insert into SIVAACADEMY.SALES_DATA (REGION_NAME,SALES_DATE,AMOUNT,PRODUCT_ID,SALES_REP,TRANSACTION_ID,CREATED_AT) values ('Region9',to_date('01-06-23','DD-MM-RR'),158.54,'P10','SalesRep5','T89',to_date('24-12-24','DD-MM-RR'));
Insert into SIVAACADEMY.SALES_DATA (REGION_NAME,SALES_DATE,AMOUNT,PRODUCT_ID,SALES_REP,TRANSACTION_ID,CREATED_AT) values ('Region0',to_date('01-07-23','DD-MM-RR'),169,'P1','SalesRep1','T90',to_date('24-12-24','DD-MM-RR'));
Insert into SIVAACADEMY.SALES_DATA (REGION_NAME,SALES_DATE,AMOUNT,PRODUCT_ID,SALES_REP,TRANSACTION_ID,CREATED_AT) values ('Region1',to_date('01-08-23','DD-MM-RR'),111.26,'P2','SalesRep2','T91',to_date('24-12-24','DD-MM-RR'));
Insert into SIVAACADEMY.SALES_DATA (REGION_NAME,SALES_DATE,AMOUNT,PRODUCT_ID,SALES_REP,TRANSACTION_ID,CREATED_AT) values ('Region2',to_date('01-09-23','DD-MM-RR'),107.62,'P3','SalesRep3','T92',to_date('24-12-24','DD-MM-RR'));
Insert into SIVAACADEMY.SALES_DATA (REGION_NAME,SALES_DATE,AMOUNT,PRODUCT_ID,SALES_REP,TRANSACTION_ID,CREATED_AT) values ('Region3',to_date('01-10-23','DD-MM-RR'),70.17,'P4','SalesRep4','T93',to_date('24-12-24','DD-MM-RR'));
Insert into SIVAACADEMY.SALES_DATA (REGION_NAME,SALES_DATE,AMOUNT,PRODUCT_ID,SALES_REP,TRANSACTION_ID,CREATED_AT) values ('Region4',to_date('01-11-23','DD-MM-RR'),122.43,'P5','SalesRep5','T94',to_date('24-12-24','DD-MM-RR'));
Insert into SIVAACADEMY.SALES_DATA (REGION_NAME,SALES_DATE,AMOUNT,PRODUCT_ID,SALES_REP,TRANSACTION_ID,CREATED_AT) values ('Region5',to_date('01-12-23','DD-MM-RR'),138.84,'P6','SalesRep1','T95',to_date('24-12-24','DD-MM-RR'));
Insert into SIVAACADEMY.SALES_DATA (REGION_NAME,SALES_DATE,AMOUNT,PRODUCT_ID,SALES_REP,TRANSACTION_ID,CREATED_AT) values ('Region6',to_date('01-01-23','DD-MM-RR'),57.14,'P7','SalesRep2','T96',to_date('24-12-24','DD-MM-RR'));
Insert into SIVAACADEMY.SALES_DATA (REGION_NAME,SALES_DATE,AMOUNT,PRODUCT_ID,SALES_REP,TRANSACTION_ID,CREATED_AT) values ('Region7',to_date('01-02-23','DD-MM-RR'),199.42,'P8','SalesRep3','T97',to_date('24-12-24','DD-MM-RR'));
Insert into SIVAACADEMY.SALES_DATA (REGION_NAME,SALES_DATE,AMOUNT,PRODUCT_ID,SALES_REP,TRANSACTION_ID,CREATED_AT) values ('Region8',to_date('01-03-23','DD-MM-RR'),72.56,'P9','SalesRep4','T98',to_date('24-12-24','DD-MM-RR'));
Insert into SIVAACADEMY.SALES_DATA (REGION_NAME,SALES_DATE,AMOUNT,PRODUCT_ID,SALES_REP,TRANSACTION_ID,CREATED_AT) values ('Region9',to_date('01-04-23','DD-MM-RR'),78.02,'P10','SalesRep5','T99',to_date('24-12-24','DD-MM-RR'));
Insert into SIVAACADEMY.SALES_DATA (REGION_NAME,SALES_DATE,AMOUNT,PRODUCT_ID,SALES_REP,TRANSACTION_ID,CREATED_AT) values ('Region0',to_date('01-05-23','DD-MM-RR'),160.67,'P1','SalesRep1','T100',to_date('24-12-24','DD-MM-RR'));
REM INSERTING into SIVAACADEMY.T3
SET DEFINE OFF;
REM INSERTING into SIVAACADEMY.TAB_A
SET DEFINE OFF;
Insert into SIVAACADEMY.TAB_A (ID) values (1);
Insert into SIVAACADEMY.TAB_A (ID) values (1);
Insert into SIVAACADEMY.TAB_A (ID) values (2);
Insert into SIVAACADEMY.TAB_A (ID) values (4);
Insert into SIVAACADEMY.TAB_A (ID) values (5);
Insert into SIVAACADEMY.TAB_A (ID) values (null);
REM INSERTING into SIVAACADEMY.TAB_B
SET DEFINE OFF;
Insert into SIVAACADEMY.TAB_B (ID) values (1);
Insert into SIVAACADEMY.TAB_B (ID) values (1);
Insert into SIVAACADEMY.TAB_B (ID) values (3);
Insert into SIVAACADEMY.TAB_B (ID) values (4);
Insert into SIVAACADEMY.TAB_B (ID) values (4);
Insert into SIVAACADEMY.TAB_B (ID) values (null);
REM INSERTING into SIVAACADEMY.USERACCESS
SET DEFINE OFF;
Insert into SIVAACADEMY.USERACCESS (ID,NAME,ACCESS_ROLE) values (1,'abc',1);
Insert into SIVAACADEMY.USERACCESS (ID,NAME,ACCESS_ROLE) values (2,'abc',2);
Insert into SIVAACADEMY.USERACCESS (ID,NAME,ACCESS_ROLE) values (3,'abc',3);
Insert into SIVAACADEMY.USERACCESS (ID,NAME,ACCESS_ROLE) values (4,'abc1',1);
Insert into SIVAACADEMY.USERACCESS (ID,NAME,ACCESS_ROLE) values (5,'abc1',3);
Insert into SIVAACADEMY.USERACCESS (ID,NAME,ACCESS_ROLE) values (6,'abc2',1);
Insert into SIVAACADEMY.USERACCESS (ID,NAME,ACCESS_ROLE) values (7,'abc2',4);
Insert into SIVAACADEMY.USERACCESS (ID,NAME,ACCESS_ROLE) values (8,'abc3',4);
--------------------------------------------------------
--  DDL for Index COUNTRY_C_ID_PK
--------------------------------------------------------

  CREATE UNIQUE INDEX "SIVAACADEMY"."COUNTRY_C_ID_PK" ON "SIVAACADEMY"."COUNTRIES" ("COUNTRY_ID") 
  PCTFREE 10 INITRANS 2 MAXTRANS 255 COMPUTE STATISTICS 
  STORAGE(INITIAL 65536 NEXT 1048576 MINEXTENTS 1 MAXEXTENTS 2147483645
  PCTINCREASE 0 FREELISTS 1 FREELIST GROUPS 1
  BUFFER_POOL DEFAULT FLASH_CACHE DEFAULT CELL_FLASH_CACHE DEFAULT)
  TABLESPACE "SIVATB" ;
--------------------------------------------------------
--  DDL for Index DEPT_ID_PK
--------------------------------------------------------

  CREATE UNIQUE INDEX "SIVAACADEMY"."DEPT_ID_PK" ON "SIVAACADEMY"."DEPARTMENTS" ("DEPARTMENT_ID") 
  PCTFREE 10 INITRANS 2 MAXTRANS 255 COMPUTE STATISTICS 
  STORAGE(INITIAL 65536 NEXT 1048576 MINEXTENTS 1 MAXEXTENTS 2147483645
  PCTINCREASE 0 FREELISTS 1 FREELIST GROUPS 1
  BUFFER_POOL DEFAULT FLASH_CACHE DEFAULT CELL_FLASH_CACHE DEFAULT)
  TABLESPACE "SIVATB" ;
--------------------------------------------------------
--  DDL for Index EMP_EMAIL_UK
--------------------------------------------------------

  CREATE UNIQUE INDEX "SIVAACADEMY"."EMP_EMAIL_UK" ON "SIVAACADEMY"."EMPLOYEES" ("EMAIL") 
  PCTFREE 10 INITRANS 2 MAXTRANS 255 COMPUTE STATISTICS 
  STORAGE(INITIAL 65536 NEXT 1048576 MINEXTENTS 1 MAXEXTENTS 2147483645
  PCTINCREASE 0 FREELISTS 1 FREELIST GROUPS 1
  BUFFER_POOL DEFAULT FLASH_CACHE DEFAULT CELL_FLASH_CACHE DEFAULT)
  TABLESPACE "SIVATB" ;
--------------------------------------------------------
--  DDL for Index EMP_EMP_ID_PK
--------------------------------------------------------

  CREATE UNIQUE INDEX "SIVAACADEMY"."EMP_EMP_ID_PK" ON "SIVAACADEMY"."EMPLOYEES" ("EMPLOYEE_ID") 
  PCTFREE 10 INITRANS 2 MAXTRANS 255 COMPUTE STATISTICS 
  STORAGE(INITIAL 65536 NEXT 1048576 MINEXTENTS 1 MAXEXTENTS 2147483645
  PCTINCREASE 0 FREELISTS 1 FREELIST GROUPS 1
  BUFFER_POOL DEFAULT FLASH_CACHE DEFAULT CELL_FLASH_CACHE DEFAULT)
  TABLESPACE "SIVATB" ;
--------------------------------------------------------
--  DDL for Index JHIST_EMP_ID_ST_DATE_PK
--------------------------------------------------------

  CREATE UNIQUE INDEX "SIVAACADEMY"."JHIST_EMP_ID_ST_DATE_PK" ON "SIVAACADEMY"."JOB_HISTORY" ("EMPLOYEE_ID", "START_DATE") 
  PCTFREE 10 INITRANS 2 MAXTRANS 255 COMPUTE STATISTICS 
  STORAGE(INITIAL 65536 NEXT 1048576 MINEXTENTS 1 MAXEXTENTS 2147483645
  PCTINCREASE 0 FREELISTS 1 FREELIST GROUPS 1
  BUFFER_POOL DEFAULT FLASH_CACHE DEFAULT CELL_FLASH_CACHE DEFAULT)
  TABLESPACE "SIVATB" ;
--------------------------------------------------------
--  DDL for Index JOB_ID_PK
--------------------------------------------------------

  CREATE UNIQUE INDEX "SIVAACADEMY"."JOB_ID_PK" ON "SIVAACADEMY"."JOBS" ("JOB_ID") 
  PCTFREE 10 INITRANS 2 MAXTRANS 255 COMPUTE STATISTICS 
  STORAGE(INITIAL 65536 NEXT 1048576 MINEXTENTS 1 MAXEXTENTS 2147483645
  PCTINCREASE 0 FREELISTS 1 FREELIST GROUPS 1
  BUFFER_POOL DEFAULT FLASH_CACHE DEFAULT CELL_FLASH_CACHE DEFAULT)
  TABLESPACE "SIVATB" ;
--------------------------------------------------------
--  DDL for Index LOC_ID_PK
--------------------------------------------------------

  CREATE UNIQUE INDEX "SIVAACADEMY"."LOC_ID_PK" ON "SIVAACADEMY"."LOCATIONS" ("LOCATION_ID") 
  PCTFREE 10 INITRANS 2 MAXTRANS 255 COMPUTE STATISTICS 
  STORAGE(INITIAL 65536 NEXT 1048576 MINEXTENTS 1 MAXEXTENTS 2147483645
  PCTINCREASE 0 FREELISTS 1 FREELIST GROUPS 1
  BUFFER_POOL DEFAULT FLASH_CACHE DEFAULT CELL_FLASH_CACHE DEFAULT)
  TABLESPACE "SIVATB" ;
--------------------------------------------------------
--  DDL for Index PK_DEPT
--------------------------------------------------------

  CREATE UNIQUE INDEX "SIVAACADEMY"."PK_DEPT" ON "SIVAACADEMY"."DEPT" ("DEPTNO") 
  PCTFREE 10 INITRANS 2 MAXTRANS 255 COMPUTE STATISTICS 
  STORAGE(INITIAL 65536 NEXT 1048576 MINEXTENTS 1 MAXEXTENTS 2147483645
  PCTINCREASE 0 FREELISTS 1 FREELIST GROUPS 1
  BUFFER_POOL DEFAULT FLASH_CACHE DEFAULT CELL_FLASH_CACHE DEFAULT)
  TABLESPACE "SIVATB" ;
--------------------------------------------------------
--  DDL for Index PK_EMP
--------------------------------------------------------

  CREATE UNIQUE INDEX "SIVAACADEMY"."PK_EMP" ON "SIVAACADEMY"."EMP" ("EMPNO") 
  PCTFREE 10 INITRANS 2 MAXTRANS 255 COMPUTE STATISTICS 
  STORAGE(INITIAL 65536 NEXT 1048576 MINEXTENTS 1 MAXEXTENTS 2147483645
  PCTINCREASE 0 FREELISTS 1 FREELIST GROUPS 1
  BUFFER_POOL DEFAULT FLASH_CACHE DEFAULT CELL_FLASH_CACHE DEFAULT)
  TABLESPACE "SIVATB" ;
--------------------------------------------------------
--  DDL for Index REG_ID_PK
--------------------------------------------------------

  CREATE UNIQUE INDEX "SIVAACADEMY"."REG_ID_PK" ON "SIVAACADEMY"."REGIONS" ("REGION_ID") 
  PCTFREE 10 INITRANS 2 MAXTRANS 255 COMPUTE STATISTICS 
  STORAGE(INITIAL 65536 NEXT 1048576 MINEXTENTS 1 MAXEXTENTS 2147483645
  PCTINCREASE 0 FREELISTS 1 FREELIST GROUPS 1
  BUFFER_POOL DEFAULT FLASH_CACHE DEFAULT CELL_FLASH_CACHE DEFAULT)
  TABLESPACE "SIVATB" ;
--------------------------------------------------------
--  DDL for Index LOC_STATE_PROVINCE_IX
--------------------------------------------------------

  CREATE INDEX "SIVAACADEMY"."LOC_STATE_PROVINCE_IX" ON "SIVAACADEMY"."LOCATIONS" ("STATE_PROVINCE") 
  PCTFREE 10 INITRANS 2 MAXTRANS 255 COMPUTE STATISTICS 
  STORAGE(INITIAL 65536 NEXT 1048576 MINEXTENTS 1 MAXEXTENTS 2147483645
  PCTINCREASE 0 FREELISTS 1 FREELIST GROUPS 1
  BUFFER_POOL DEFAULT FLASH_CACHE DEFAULT CELL_FLASH_CACHE DEFAULT)
  TABLESPACE "SIVATB" ;
--------------------------------------------------------
--  DDL for Index EMP_DEPARTMENT_IX
--------------------------------------------------------

  CREATE INDEX "SIVAACADEMY"."EMP_DEPARTMENT_IX" ON "SIVAACADEMY"."EMPLOYEES" ("DEPARTMENT_ID") 
  PCTFREE 10 INITRANS 2 MAXTRANS 255 COMPUTE STATISTICS 
  STORAGE(INITIAL 65536 NEXT 1048576 MINEXTENTS 1 MAXEXTENTS 2147483645
  PCTINCREASE 0 FREELISTS 1 FREELIST GROUPS 1
  BUFFER_POOL DEFAULT FLASH_CACHE DEFAULT CELL_FLASH_CACHE DEFAULT)
  TABLESPACE "SIVATB" ;
--------------------------------------------------------
--  DDL for Index JHIST_EMPLOYEE_IX
--------------------------------------------------------

  CREATE INDEX "SIVAACADEMY"."JHIST_EMPLOYEE_IX" ON "SIVAACADEMY"."JOB_HISTORY" ("EMPLOYEE_ID") 
  PCTFREE 10 INITRANS 2 MAXTRANS 255 COMPUTE STATISTICS 
  STORAGE(INITIAL 65536 NEXT 1048576 MINEXTENTS 1 MAXEXTENTS 2147483645
  PCTINCREASE 0 FREELISTS 1 FREELIST GROUPS 1
  BUFFER_POOL DEFAULT FLASH_CACHE DEFAULT CELL_FLASH_CACHE DEFAULT)
  TABLESPACE "SIVATB" ;
--------------------------------------------------------
--  DDL for Index LOC_CITY_IX
--------------------------------------------------------

  CREATE INDEX "SIVAACADEMY"."LOC_CITY_IX" ON "SIVAACADEMY"."LOCATIONS" ("CITY") 
  PCTFREE 10 INITRANS 2 MAXTRANS 255 COMPUTE STATISTICS 
  STORAGE(INITIAL 65536 NEXT 1048576 MINEXTENTS 1 MAXEXTENTS 2147483645
  PCTINCREASE 0 FREELISTS 1 FREELIST GROUPS 1
  BUFFER_POOL DEFAULT FLASH_CACHE DEFAULT CELL_FLASH_CACHE DEFAULT)
  TABLESPACE "SIVATB" ;
--------------------------------------------------------
--  DDL for Index EMP_NAME_IX
--------------------------------------------------------

  CREATE INDEX "SIVAACADEMY"."EMP_NAME_IX" ON "SIVAACADEMY"."EMPLOYEES" ("LAST_NAME", "FIRST_NAME") 
  PCTFREE 10 INITRANS 2 MAXTRANS 255 COMPUTE STATISTICS 
  STORAGE(INITIAL 65536 NEXT 1048576 MINEXTENTS 1 MAXEXTENTS 2147483645
  PCTINCREASE 0 FREELISTS 1 FREELIST GROUPS 1
  BUFFER_POOL DEFAULT FLASH_CACHE DEFAULT CELL_FLASH_CACHE DEFAULT)
  TABLESPACE "SIVATB" ;
--------------------------------------------------------
--  DDL for Index IDX_SALES_REGION_DATE
--------------------------------------------------------

  CREATE INDEX "SIVAACADEMY"."IDX_SALES_REGION_DATE" ON "SIVAACADEMY"."SALES_DATA" ("REGION_NAME", "SALES_DATE") 
  PCTFREE 10 INITRANS 2 MAXTRANS 255 COMPUTE STATISTICS 
  STORAGE(INITIAL 65536 NEXT 1048576 MINEXTENTS 1 MAXEXTENTS 2147483645
  PCTINCREASE 0 FREELISTS 1 FREELIST GROUPS 1
  BUFFER_POOL DEFAULT FLASH_CACHE DEFAULT CELL_FLASH_CACHE DEFAULT)
  TABLESPACE "SIVATB" ;
--------------------------------------------------------
--  DDL for Index DEPT_LOCATION_IX
--------------------------------------------------------

  CREATE INDEX "SIVAACADEMY"."DEPT_LOCATION_IX" ON "SIVAACADEMY"."DEPARTMENTS" ("LOCATION_ID") 
  PCTFREE 10 INITRANS 2 MAXTRANS 255 COMPUTE STATISTICS 
  STORAGE(INITIAL 65536 NEXT 1048576 MINEXTENTS 1 MAXEXTENTS 2147483645
  PCTINCREASE 0 FREELISTS 1 FREELIST GROUPS 1
  BUFFER_POOL DEFAULT FLASH_CACHE DEFAULT CELL_FLASH_CACHE DEFAULT)
  TABLESPACE "SIVATB" ;
--------------------------------------------------------
--  DDL for Index JHIST_DEPARTMENT_IX
--------------------------------------------------------

  CREATE INDEX "SIVAACADEMY"."JHIST_DEPARTMENT_IX" ON "SIVAACADEMY"."JOB_HISTORY" ("DEPARTMENT_ID") 
  PCTFREE 10 INITRANS 2 MAXTRANS 255 COMPUTE STATISTICS 
  STORAGE(INITIAL 65536 NEXT 1048576 MINEXTENTS 1 MAXEXTENTS 2147483645
  PCTINCREASE 0 FREELISTS 1 FREELIST GROUPS 1
  BUFFER_POOL DEFAULT FLASH_CACHE DEFAULT CELL_FLASH_CACHE DEFAULT)
  TABLESPACE "SIVATB" ;
--------------------------------------------------------
--  DDL for Index SYS_FK0000085375N00003$
--------------------------------------------------------

  CREATE INDEX "SIVAACADEMY"."SYS_FK0000085375N00003$" ON "SIVAACADEMY"."SUB_SCHEDULE_DAY_TAB" ("NESTED_TABLE_ID") 
  PCTFREE 10 INITRANS 2 MAXTRANS 255 COMPUTE STATISTICS 
  STORAGE(INITIAL 65536 NEXT 1048576 MINEXTENTS 1 MAXEXTENTS 2147483645
  PCTINCREASE 0 FREELISTS 1 FREELIST GROUPS 1
  BUFFER_POOL DEFAULT FLASH_CACHE DEFAULT CELL_FLASH_CACHE DEFAULT)
  TABLESPACE "SIVATB" ;
--------------------------------------------------------
--  DDL for Index LOC_COUNTRY_IX
--------------------------------------------------------

  CREATE INDEX "SIVAACADEMY"."LOC_COUNTRY_IX" ON "SIVAACADEMY"."LOCATIONS" ("COUNTRY_ID") 
  PCTFREE 10 INITRANS 2 MAXTRANS 255 COMPUTE STATISTICS 
  STORAGE(INITIAL 65536 NEXT 1048576 MINEXTENTS 1 MAXEXTENTS 2147483645
  PCTINCREASE 0 FREELISTS 1 FREELIST GROUPS 1
  BUFFER_POOL DEFAULT FLASH_CACHE DEFAULT CELL_FLASH_CACHE DEFAULT)
  TABLESPACE "SIVATB" ;
--------------------------------------------------------
--  DDL for Index EMP_MANAGER_IX
--------------------------------------------------------

  CREATE INDEX "SIVAACADEMY"."EMP_MANAGER_IX" ON "SIVAACADEMY"."EMPLOYEES" ("MANAGER_ID") 
  PCTFREE 10 INITRANS 2 MAXTRANS 255 COMPUTE STATISTICS 
  STORAGE(INITIAL 65536 NEXT 1048576 MINEXTENTS 1 MAXEXTENTS 2147483645
  PCTINCREASE 0 FREELISTS 1 FREELIST GROUPS 1
  BUFFER_POOL DEFAULT FLASH_CACHE DEFAULT CELL_FLASH_CACHE DEFAULT)
  TABLESPACE "SIVATB" ;
--------------------------------------------------------
--  DDL for Index JHIST_JOB_IX
--------------------------------------------------------

  CREATE INDEX "SIVAACADEMY"."JHIST_JOB_IX" ON "SIVAACADEMY"."JOB_HISTORY" ("JOB_ID") 
  PCTFREE 10 INITRANS 2 MAXTRANS 255 COMPUTE STATISTICS 
  STORAGE(INITIAL 65536 NEXT 1048576 MINEXTENTS 1 MAXEXTENTS 2147483645
  PCTINCREASE 0 FREELISTS 1 FREELIST GROUPS 1
  BUFFER_POOL DEFAULT FLASH_CACHE DEFAULT CELL_FLASH_CACHE DEFAULT)
  TABLESPACE "SIVATB" ;
--------------------------------------------------------
--  DDL for Index EMP_JOB_IX
--------------------------------------------------------

  CREATE INDEX "SIVAACADEMY"."EMP_JOB_IX" ON "SIVAACADEMY"."EMPLOYEES" ("JOB_ID") 
  PCTFREE 10 INITRANS 2 MAXTRANS 255 COMPUTE STATISTICS 
  STORAGE(INITIAL 65536 NEXT 1048576 MINEXTENTS 1 MAXEXTENTS 2147483645
  PCTINCREASE 0 FREELISTS 1 FREELIST GROUPS 1
  BUFFER_POOL DEFAULT FLASH_CACHE DEFAULT CELL_FLASH_CACHE DEFAULT)
  TABLESPACE "SIVATB" ;
--------------------------------------------------------
--  DDL for Index IDX_SALES_AMOUNT
--------------------------------------------------------

  CREATE INDEX "SIVAACADEMY"."IDX_SALES_AMOUNT" ON "SIVAACADEMY"."SALES_DATA" ("AMOUNT") 
  PCTFREE 10 INITRANS 2 MAXTRANS 255 COMPUTE STATISTICS 
  STORAGE(INITIAL 65536 NEXT 1048576 MINEXTENTS 1 MAXEXTENTS 2147483645
  PCTINCREASE 0 FREELISTS 1 FREELIST GROUPS 1
  BUFFER_POOL DEFAULT FLASH_CACHE DEFAULT CELL_FLASH_CACHE DEFAULT)
  TABLESPACE "SIVATB" ;
--------------------------------------------------------
--  DDL for Trigger COMP_TRIGG_LOG_CHANGES
--------------------------------------------------------

  CREATE OR REPLACE NONEDITIONABLE TRIGGER "SIVAACADEMY"."COMP_TRIGG_LOG_CHANGES" 
for UPDATE ON emp
COMPOUND TRIGGER
lv_Pres_Sal NUMBER;
BEFORE STATEMENT 
IS
BEGIN
    SELECT sal INTO lv_Pres_Sal FROM emp WHERE job = 'PRESIDENT';
END BEFORE statement;
before each row is
begin
if (:new.sal < lv_Pres_Sal and :old.job <>'PRESIDENT') or (:old.job ='PRESIDENT') then
    insert into EMP_SAL_LOG values(:new.empno,'Salary Updated Successfully: '||'old sal='||:old.sal||', new sal='||:new.sal);
else
    :new.sal:=:old.sal;
    insert into EMP_SAL_LOG values(:new.empno,'Salary not Updated: Employee salary cannot more than : '||pkg1.lv_Pres_sal);
end if;
end before each row;
end Comp_Trigg_log_changes;

/
ALTER TRIGGER "SIVAACADEMY"."COMP_TRIGG_LOG_CHANGES" ENABLE;
--------------------------------------------------------
--  DDL for Trigger EMP_COMP_TRIGGER
--------------------------------------------------------

  CREATE OR REPLACE NONEDITIONABLE TRIGGER "SIVAACADEMY"."EMP_COMP_TRIGGER" FOR 
insert or update or delete on Emp_Details Compound Trigger

g_var varchar2(50):='Demo of compont trigger';

before statement is
l_var varchar2(50):=' before statement ';
BEGIN
    DBMS_OUTPUT.PUT_LINE(l_var||g_var);
end before statement;

before each row is
l_var varchar2(50):=' before each row ';
BEGIN
    DBMS_OUTPUT.PUT_LINE(l_var||g_var);
end before each row;

after each row is
l_var varchar2(50):=' after each row ';
BEGIN
    DBMS_OUTPUT.PUT_LINE(l_var||g_var);
end after each row;

after statement is
l_var varchar2(50):=' after statement ';
BEGIN
    DBMS_OUTPUT.PUT_LINE(l_var||g_var);
end after statement;

end Emp_Comp_Trigger;

select * from Emp_Details;
insert into Emp_Details values(13,'abc13');
commit;






/
ALTER TRIGGER "SIVAACADEMY"."EMP_COMP_TRIGGER" ENABLE;
--------------------------------------------------------
--  DDL for Trigger ROW_AF_INS
--------------------------------------------------------

  CREATE OR REPLACE NONEDITIONABLE TRIGGER "SIVAACADEMY"."ROW_AF_INS" after
insert on Emp_Details for each ROW
BEGIN
    DBMS_OUTPUT.PUT_LINE('row after insert '||log_seq.NEXTVAL);
end;

/
ALTER TRIGGER "SIVAACADEMY"."ROW_AF_INS" ENABLE;
--------------------------------------------------------
--  DDL for Trigger ROW_BF_INS
--------------------------------------------------------

  CREATE OR REPLACE NONEDITIONABLE TRIGGER "SIVAACADEMY"."ROW_BF_INS" before
insert on Emp_Details for each ROW
BEGIN
    DBMS_OUTPUT.PUT_LINE('row before insert '||log_seq.NEXTVAL);
end;

/
ALTER TRIGGER "SIVAACADEMY"."ROW_BF_INS" ENABLE;
--------------------------------------------------------
--  DDL for Trigger SECURE_EMPLOYEES
--------------------------------------------------------

  CREATE OR REPLACE NONEDITIONABLE TRIGGER "SIVAACADEMY"."SECURE_EMPLOYEES" 
   BEFORE INSERT OR UPDATE OR DELETE ON employees
   BEGIN
   secure_dml;
   END secure_employees;
/
ALTER TRIGGER "SIVAACADEMY"."SECURE_EMPLOYEES" DISABLE;
--------------------------------------------------------
--  DDL for Trigger ST_AF_INS
--------------------------------------------------------

  CREATE OR REPLACE NONEDITIONABLE TRIGGER "SIVAACADEMY"."ST_AF_INS" after
insert on Emp_Details
BEGIN
    DBMS_OUTPUT.PUT_LINE('statement after insert '||log_seq.NEXTVAL);
end;

/
ALTER TRIGGER "SIVAACADEMY"."ST_AF_INS" ENABLE;
--------------------------------------------------------
--  DDL for Trigger ST_BF_INS
--------------------------------------------------------

  CREATE OR REPLACE NONEDITIONABLE TRIGGER "SIVAACADEMY"."ST_BF_INS" before
insert on Emp_Details
BEGIN
    DBMS_OUTPUT.PUT_LINE('statement before insert '||log_seq.NEXTVAL);
end;

/
ALTER TRIGGER "SIVAACADEMY"."ST_BF_INS" ENABLE;
--------------------------------------------------------
--  DDL for Trigger TRIGG_BEFORE_UP_SAL
--------------------------------------------------------

  CREATE OR REPLACE NONEDITIONABLE TRIGGER "SIVAACADEMY"."TRIGG_BEFORE_UP_SAL" 
before
update of sal on emp
begin
select sal into pkg1.lv_Pres_sal from emp where job='PRESIDENT';---initialising pkg variable in statement level trigger
end;

/
ALTER TRIGGER "SIVAACADEMY"."TRIGG_BEFORE_UP_SAL" ENABLE;
--------------------------------------------------------
--  DDL for Trigger TRIGG_VALIDATA_SAL
--------------------------------------------------------

  CREATE OR REPLACE NONEDITIONABLE TRIGGER "SIVAACADEMY"."TRIGG_VALIDATA_SAL" 
before
update of sal on emp 
for each row
begin
if (:new.sal < pkg1.lv_Pres_Sal and :old.job <>'PRESIDENT') or (:old.job ='PRESIDENT') then
    insert into EMP_SAL_LOG values(:new.empno,'Salary Updated Successfully: '||'old sal='||:old.sal||', new sal='||:new.sal);
else
    :new.sal:=:old.sal;
    insert into EMP_SAL_LOG values(:new.empno,'Salary not Updated: Employee salary cannot more than : '||pkg1.lv_Pres_sal);
end if;
end;

/
ALTER TRIGGER "SIVAACADEMY"."TRIGG_VALIDATA_SAL" ENABLE;
--------------------------------------------------------
--  DDL for Trigger UPDATE_JOB_HISTORY
--------------------------------------------------------

  CREATE OR REPLACE NONEDITIONABLE TRIGGER "SIVAACADEMY"."UPDATE_JOB_HISTORY" 
   AFTER UPDATE OF job_id, department_id ON employees
   FOR EACH ROW
   BEGIN
   add_job_history(:old.employee_id, :old.hire_date, sysdate,
   :old.job_id, :old.department_id);
   END;
/
ALTER TRIGGER "SIVAACADEMY"."UPDATE_JOB_HISTORY" ENABLE;
--------------------------------------------------------
--  DDL for Procedure ADD_JOB_HISTORY
--------------------------------------------------------
set define off;

  CREATE OR REPLACE NONEDITIONABLE PROCEDURE "SIVAACADEMY"."ADD_JOB_HISTORY" 
   ( p_emp_id job_history.employee_id%type
   , p_start_date job_history.start_date%type
   , p_end_date job_history.end_date%type
   , p_job_id job_history.job_id%type
   , p_department_id job_history.department_id%type
   )
   IS
   BEGIN
   INSERT INTO job_history (employee_id, start_date, end_date,
   job_id, department_id)
   VALUES(p_emp_id, p_start_date, p_end_date, p_job_id, p_department_id);
   END add_job_history;

/
--------------------------------------------------------
--  DDL for Procedure OTP_GENERATION
--------------------------------------------------------
set define off;

  CREATE OR REPLACE NONEDITIONABLE PROCEDURE "SIVAACADEMY"."OTP_GENERATION" (p_email in varchar2,p_otp out number)
IS
BEGIN
p_otp:=trunc(dbms_random.value(100000,999999));

insert into Otp_Details values(p_email,p_otp,SYSTIMESTAMP,SYSTIMESTAMP+1/(24*60));
commit;
end Otp_Generation;

/
--------------------------------------------------------
--  DDL for Procedure OTP_VALIDATION
--------------------------------------------------------
set define off;

  CREATE OR REPLACE NONEDITIONABLE PROCEDURE "SIVAACADEMY"."OTP_VALIDATION" (p_msg OUT VARCHAR2)
IS
    l_count NUMBER;
    l_email VARCHAR2(50);
    l_otp NUMBER;
BEGIN
    -- Fetch the latest email and OTP
    SELECT email, otp INTO l_email, l_otp
    FROM Otp_Details
    WHERE systimestamp BETWEEN otp_gen_time AND otp_exp_time
    AND ROWNUM = 1
    ORDER BY otp_gen_time DESC;

    -- Validate the OTP
    SELECT COUNT(email) INTO l_count
    FROM Otp_Details
    WHERE otp = l_otp AND email = l_email AND systimestamp BETWEEN otp_gen_time AND otp_exp_time;

    IF l_count = 1 THEN
        p_msg := 'OTP validated successfully';
    ELSE
        p_msg := 'OTP not validated successfully';
    END IF;
EXCEPTION
    WHEN NO_DATA_FOUND THEN
        p_msg := 'No valid OTP found';
    WHEN OTHERS THEN
        p_msg := 'An error occurred: ' || SQLERRM;
END otp_validation;

/
--------------------------------------------------------
--  DDL for Procedure PRC_CARELONE
--------------------------------------------------------
set define off;

  CREATE OR REPLACE NONEDITIONABLE PROCEDURE "SIVAACADEMY"."PRC_CARELONE" (empno in number, out_cur out SYS_REFCURSOR)
 IS
 BEGIN
      open out_cur for select e.first_name||' '||e.last_name as E_name, e.job_id,e.SALARY from employees e where e.employee_id=empno;
EXCEPTION
      when others then
      RAISE_APPLICATION_ERROR(-20001, 'Error Occurred'||SQLERRM);
end;

/
--------------------------------------------------------
--  DDL for Procedure PROC1
--------------------------------------------------------
set define off;

  CREATE OR REPLACE NONEDITIONABLE PROCEDURE "SIVAACADEMY"."PROC1" 
As
PROCEDURE print(pin in VARCHAR2)
is
BEGIN
    DBMS_OUTPUT.PUT_LINE(pin);
end;
BEGIN
  print('hello');
  print('welcome to the procedure world');
end;

/
--------------------------------------------------------
--  DDL for Procedure RAISE_SALARY
--------------------------------------------------------
set define off;

  CREATE OR REPLACE NONEDITIONABLE PROCEDURE "SIVAACADEMY"."RAISE_SALARY" 
(pempid in integer, psal in INTEGER, ename out VARCHAR2, job out VARCHAR2) is
sql_stmt varchar2(100);
begin
sql_stmt := 'update emp set sal =: 1 where empno =: 2
returning ename, job into :3,:4';
execute immediate sql_stmt using psal, pempid returning into ename, job;
dbms_output.put_line ('Salary is updated to ' ||psal||' for employee_id '|| pempid||' and name and job is '||ename ||job);
end;

/
--------------------------------------------------------
--  DDL for Procedure SECURE_DML
--------------------------------------------------------
set define off;

  CREATE OR REPLACE NONEDITIONABLE PROCEDURE "SIVAACADEMY"."SECURE_DML" 
         IS
         BEGIN
   IF TO_CHAR (SYSDATE, 'HH24:MI') NOT BETWEEN '08:00' AND '18:00'
   OR TO_CHAR (SYSDATE, 'DY') IN ('SAT', 'SUN') THEN
   RAISE_APPLICATION_ERROR (-20205,
   'You may only make changes during normal office hours');
   END IF;
   END secure_dml;

/
--------------------------------------------------------
--  DDL for Package EMP_PKG
--------------------------------------------------------

  CREATE OR REPLACE NONEDITIONABLE PACKAGE "SIVAACADEMY"."EMP_PKG" 
AS
type emp_ref_cursor is ref cursor;
function get_emp_details(p_empno in number) return emp_ref_cursor;
end emp_pkg;

/
--------------------------------------------------------
--  DDL for Package HR
--------------------------------------------------------

  CREATE OR REPLACE NONEDITIONABLE PACKAGE "SIVAACADEMY"."HR" 
as
procedure hire(e in number,n in varchar2,j in varchar2,s in number,d in number);
procedure fire(e in number);
end;

/
--------------------------------------------------------
--  DDL for Package MYPACK
--------------------------------------------------------

  CREATE OR REPLACE NONEDITIONABLE PACKAGE "SIVAACADEMY"."MYPACK" 
as
function addNum(a in number,b in number)
return number;
function addNum(a in number,b in number,c in number)
return number;
end;

/
--------------------------------------------------------
--  DDL for Package MYPACK1
--------------------------------------------------------

  CREATE OR REPLACE NONEDITIONABLE PACKAGE "SIVAACADEMY"."MYPACK1" 
as
function addNum(a in number,b in number)
return varchar2;
function addNum(a in number,b in varchar2)
return varchar2;
end;

/
--------------------------------------------------------
--  DDL for Package PKG1
--------------------------------------------------------

  CREATE OR REPLACE NONEDITIONABLE PACKAGE "SIVAACADEMY"."PKG1" 
AS
lv_Pres_Sal number;
end;

/
--------------------------------------------------------
--  DDL for Package TEST_PKG1
--------------------------------------------------------

  CREATE OR REPLACE NONEDITIONABLE PACKAGE "SIVAACADEMY"."TEST_PKG1" 
As
procedure p1_proc;
procedure p2_proc;
end;

/
--------------------------------------------------------
--  DDL for Package Body EMP_PKG
--------------------------------------------------------

  CREATE OR REPLACE NONEDITIONABLE PACKAGE BODY "SIVAACADEMY"."EMP_PKG" 
as
function get_emp_details(p_empno in number) return emp_ref_cursor
IS
emp_cursor emp_ref_cursor;
BEGIN
    open emp_cursor for select e.FIRST_NAME||' '||e.LAST_NAME as Ename,e.DEPARTMENT_ID from employees e where e.employee_id=p_empno;
    return emp_cursor;
exception when others then
RAISE_APPLICATION_ERROR(-20001, 'Error occurred: ' ||sqlcode||''||SQLERRM);
return null;
end get_emp_details;
end emp_pkg;

/
--------------------------------------------------------
--  DDL for Package Body HR
--------------------------------------------------------

  CREATE OR REPLACE NONEDITIONABLE PACKAGE BODY "SIVAACADEMY"."HR" 
as
procedure hire(e in number,n in varchar2,j in varchar2,s in number,d in number)
is
BEGIN
    insert into emp_NIT(empno,ename,job,sal,deptno) values(e,n,j,s,d);
    commit;
end hire;
procedure fire(e in number)
is
BEGIN
    delete from emp_NIT where empno=e;
end fire;
end;

/
--------------------------------------------------------
--  DDL for Package Body MYPACK
--------------------------------------------------------

  CREATE OR REPLACE NONEDITIONABLE PACKAGE BODY "SIVAACADEMY"."MYPACK" 
as
function addNum(a in number,b in number)
return number
is
begin
     return a+b;
end addNum;
function addNum(a in number,b in number,c in number)
return number
is
begin
     return a+b+c;
end addNum;
end;

/
--------------------------------------------------------
--  DDL for Package Body MYPACK1
--------------------------------------------------------

  CREATE OR REPLACE NONEDITIONABLE PACKAGE BODY "SIVAACADEMY"."MYPACK1" 
as
function addNum(a in number,b in number)
return varchar2
is
begin
     return a+b;
end addNum;
function addNum(a in number,b in varchar2)
return varchar2
is
begin
     return a||b;
end addNum;
end;

/
--------------------------------------------------------
--  DDL for Package Body TEST_PKG1
--------------------------------------------------------

  CREATE OR REPLACE NONEDITIONABLE PACKAGE BODY "SIVAACADEMY"."TEST_PKG1" 
as
procedure priv_proc
is
begin
  dbms_output.PUT_LINE('Printing from priv_proc');
end priv_proc;
procedure p1_proc
is
begin
  dbms_output.PUT_LINE('Printing from p1_proc');
  priv_proc;
end p1_proc;
procedure p2_proc
is
begin
  dbms_output.PUT_LINE('Printing from p2_proc');
  priv_proc;
end p2_proc;
end;

/
--------------------------------------------------------
--  DDL for Function FNC_EMP_DETAILS
--------------------------------------------------------

  CREATE OR REPLACE NONEDITIONABLE FUNCTION "SIVAACADEMY"."FNC_EMP_DETAILS" (p_deptno number)
return sys_refcursor is
lc_emp_list SYS_REFCURSOR;
BEGIN
    open lc_emp_list for select ename from emp where DEPTNO=p_deptno;
    return lc_emp_list;
end;

/
--------------------------------------------------------
--  DDL for Function FNC_ENAMEDEPTID
--------------------------------------------------------

  CREATE OR REPLACE NONEDITIONABLE FUNCTION "SIVAACADEMY"."FNC_ENAMEDEPTID" (p_empno in number)
RETURN sys_refcursor---using sys_refcursor
IS
v_emp_cursor SYS_REFCURSOR;
BEGIN
    open v_emp_cursor for select e.first_name||' '||e.last_name as E_Name, e.DEPARTMENT_ID from employees e where e.EMPLOYEE_ID=p_empno;
    return v_emp_cursor;
EXCEPTION 
    when others THEN
    RAISE_APPLICATION_ERROR(-2001, 'error-occurred'||SQLERRM);
    return null;
end;

/
--------------------------------------------------------
--  DDL for Function FNC_ENAMEDEPTID_CL
--------------------------------------------------------

  CREATE OR REPLACE NONEDITIONABLE FUNCTION "SIVAACADEMY"."FNC_ENAMEDEPTID_CL" (p_empno in empno_table)
RETURN sys_refcursor---using sys_refcursor
IS
v_emp_cursor SYS_REFCURSOR;
BEGIN
    open v_emp_cursor for select e.first_name||' '||e.last_name as E_Name, e.DEPARTMENT_ID from employees e where e.EMPLOYEE_ID in (select column_value from table(p_empno));
    return v_emp_cursor;
EXCEPTION 
    when others THEN
    RAISE_APPLICATION_ERROR(-2001, 'error-occurred'||SQLERRM);
    return null;
end;

/
--------------------------------------------------------
--  DDL for Function FNC_ENAMEDEPTID_GTT
--------------------------------------------------------

  CREATE OR REPLACE NONEDITIONABLE FUNCTION "SIVAACADEMY"."FNC_ENAMEDEPTID_GTT" 
return SYS_REFCURSOR
IS
v_emp_cursor SYS_REFCURSOR;
BEGIN
    open v_emp_cursor for select e.first_name||' '||e.last_name as ename,e.DEPARTMENT_ID from employees e where e.employee_id in (select empno from GTT_Empnos);
    return v_emp_cursor;
    exception
             when others THEN
             RAISE_APPLICATION_ERROR(-20001, 'An error occurred: ' || SQLERRM);
             return null;
end;

/
--------------------------------------------------------
--  DDL for Function FNC_ENAMEDEPTID_NORMAL
--------------------------------------------------------

  CREATE OR REPLACE NONEDITIONABLE FUNCTION "SIVAACADEMY"."FNC_ENAMEDEPTID_NORMAL" (empno in number)
return varchar2
is
v_ename varchar2(100);
v_deptid number;
v_result varchar2(200);
BEGIN
    select e.FIRST_NAME||' '||e.LAST_NAME as Ename,e.DEPARTMENT_ID into v_ename,v_deptid from employees e where e.employee_id=empno;
    v_result:=v_ename||' '||v_deptid;
    return v_result;
    exception
    when no_data_found THEN
    return 'Employees not found';
    when others THEN
    return 'An error occurred: '||SQLERRM;
end;

/
--------------------------------------------------------
--  DDL for Function FUNC_SQUARE_CUBE
--------------------------------------------------------

  CREATE OR REPLACE NONEDITIONABLE FUNCTION "SIVAACADEMY"."FUNC_SQUARE_CUBE" (
    in_num in number,
    out_num out number
) return number
as
begin
out_num:=in_num*in_num*in_num;
return in_num*in_num;
end;

/
--------------------------------------------------------
--  DDL for Function TEST_FN1
--------------------------------------------------------

  CREATE OR REPLACE NONEDITIONABLE FUNCTION "SIVAACADEMY"."TEST_FN1" return NUMBER
as
PRAGMA autonomous_transaction;---it can compile without this statement but can't call in select statement
begin
 update Employees_SA
    set salary=salary;
    commit;
    return 1;
end;

/
--------------------------------------------------------
--  Constraints for Table ERROR_LOG
--------------------------------------------------------

  ALTER TABLE "SIVAACADEMY"."ERROR_LOG" MODIFY ("LOG_ID" NOT NULL ENABLE);
--------------------------------------------------------
--  Constraints for Table LOCATIONS
--------------------------------------------------------

  ALTER TABLE "SIVAACADEMY"."LOCATIONS" MODIFY ("CITY" CONSTRAINT "LOC_CITY_NN" NOT NULL ENABLE);
  ALTER TABLE "SIVAACADEMY"."LOCATIONS" ADD CONSTRAINT "LOC_ID_PK" PRIMARY KEY ("LOCATION_ID")
  USING INDEX "SIVAACADEMY"."LOC_ID_PK"  ENABLE;
--------------------------------------------------------
--  Constraints for Table USERACCESS
--------------------------------------------------------

  ALTER TABLE "SIVAACADEMY"."USERACCESS" ADD PRIMARY KEY ("ID")
  USING INDEX PCTFREE 10 INITRANS 2 MAXTRANS 255 COMPUTE STATISTICS 
  STORAGE(INITIAL 65536 NEXT 1048576 MINEXTENTS 1 MAXEXTENTS 2147483645
  PCTINCREASE 0 FREELISTS 1 FREELIST GROUPS 1
  BUFFER_POOL DEFAULT FLASH_CACHE DEFAULT CELL_FLASH_CACHE DEFAULT)
  TABLESPACE "SIVATB"  ENABLE;
--------------------------------------------------------
--  Constraints for Table JOB_HISTORY
--------------------------------------------------------

  ALTER TABLE "SIVAACADEMY"."JOB_HISTORY" MODIFY ("EMPLOYEE_ID" CONSTRAINT "JHIST_EMPLOYEE_NN" NOT NULL ENABLE);
  ALTER TABLE "SIVAACADEMY"."JOB_HISTORY" MODIFY ("START_DATE" CONSTRAINT "JHIST_START_DATE_NN" NOT NULL ENABLE);
  ALTER TABLE "SIVAACADEMY"."JOB_HISTORY" MODIFY ("END_DATE" CONSTRAINT "JHIST_END_DATE_NN" NOT NULL ENABLE);
  ALTER TABLE "SIVAACADEMY"."JOB_HISTORY" MODIFY ("JOB_ID" CONSTRAINT "JHIST_JOB_NN" NOT NULL ENABLE);
  ALTER TABLE "SIVAACADEMY"."JOB_HISTORY" ADD CONSTRAINT "JHIST_DATE_INTERVAL" CHECK (end_date > start_date) ENABLE;
  ALTER TABLE "SIVAACADEMY"."JOB_HISTORY" ADD CONSTRAINT "JHIST_EMP_ID_ST_DATE_PK" PRIMARY KEY ("EMPLOYEE_ID", "START_DATE")
  USING INDEX "SIVAACADEMY"."JHIST_EMP_ID_ST_DATE_PK"  ENABLE;
--------------------------------------------------------
--  Constraints for Table EMPLOYEES_BKP
--------------------------------------------------------

  ALTER TABLE "SIVAACADEMY"."EMPLOYEES_BKP" MODIFY ("LAST_NAME" NOT NULL ENABLE);
  ALTER TABLE "SIVAACADEMY"."EMPLOYEES_BKP" MODIFY ("EMAIL" NOT NULL ENABLE);
  ALTER TABLE "SIVAACADEMY"."EMPLOYEES_BKP" MODIFY ("HIRE_DATE" NOT NULL ENABLE);
  ALTER TABLE "SIVAACADEMY"."EMPLOYEES_BKP" MODIFY ("JOB_ID" NOT NULL ENABLE);
  ALTER TABLE "SIVAACADEMY"."EMPLOYEES_BKP" ADD CONSTRAINT "CHK_EMAIL" CHECK (REGEXP_LIKE(email, '^[A-Za-z0-9._%+-]+@[A-Za-z0-9.-]+\.[A-Za-z]{2,}$')) ENABLE;
--------------------------------------------------------
--  Constraints for Table DEPARTMENTS
--------------------------------------------------------

  ALTER TABLE "SIVAACADEMY"."DEPARTMENTS" MODIFY ("DEPARTMENT_NAME" CONSTRAINT "DEPT_NAME_NN" NOT NULL ENABLE);
  ALTER TABLE "SIVAACADEMY"."DEPARTMENTS" ADD CONSTRAINT "DEPT_ID_PK" PRIMARY KEY ("DEPARTMENT_ID")
  USING INDEX "SIVAACADEMY"."DEPT_ID_PK"  ENABLE;
--------------------------------------------------------
--  Constraints for Table CUSTOMER
--------------------------------------------------------

  ALTER TABLE "SIVAACADEMY"."CUSTOMER" ADD PRIMARY KEY ("CUST_ID")
  USING INDEX PCTFREE 10 INITRANS 2 MAXTRANS 255 COMPUTE STATISTICS 
  STORAGE(INITIAL 65536 NEXT 1048576 MINEXTENTS 1 MAXEXTENTS 2147483645
  PCTINCREASE 0 FREELISTS 1 FREELIST GROUPS 1
  BUFFER_POOL DEFAULT FLASH_CACHE DEFAULT CELL_FLASH_CACHE DEFAULT)
  TABLESPACE "SIVATB"  ENABLE;
--------------------------------------------------------
--  Constraints for Table DEPT
--------------------------------------------------------

  ALTER TABLE "SIVAACADEMY"."DEPT" ADD CONSTRAINT "PK_DEPT" PRIMARY KEY ("DEPTNO")
  USING INDEX PCTFREE 10 INITRANS 2 MAXTRANS 255 COMPUTE STATISTICS 
  STORAGE(INITIAL 65536 NEXT 1048576 MINEXTENTS 1 MAXEXTENTS 2147483645
  PCTINCREASE 0 FREELISTS 1 FREELIST GROUPS 1
  BUFFER_POOL DEFAULT FLASH_CACHE DEFAULT CELL_FLASH_CACHE DEFAULT)
  TABLESPACE "SIVATB"  ENABLE;
--------------------------------------------------------
--  Constraints for Table REGIONS
--------------------------------------------------------

  ALTER TABLE "SIVAACADEMY"."REGIONS" MODIFY ("REGION_ID" CONSTRAINT "REGION_ID_NN" NOT NULL ENABLE);
  ALTER TABLE "SIVAACADEMY"."REGIONS" ADD CONSTRAINT "REG_ID_PK" PRIMARY KEY ("REGION_ID")
  USING INDEX "SIVAACADEMY"."REG_ID_PK"  ENABLE;
--------------------------------------------------------
--  Constraints for Table EMP1
--------------------------------------------------------

  ALTER TABLE "SIVAACADEMY"."EMP1" MODIFY ("LAST_NAME" NOT NULL ENABLE);
  ALTER TABLE "SIVAACADEMY"."EMP1" MODIFY ("EMAIL" NOT NULL ENABLE);
  ALTER TABLE "SIVAACADEMY"."EMP1" MODIFY ("HIRE_DATE" NOT NULL ENABLE);
  ALTER TABLE "SIVAACADEMY"."EMP1" MODIFY ("JOB_ID" NOT NULL ENABLE);
  ALTER TABLE "SIVAACADEMY"."EMP1" MODIFY ("CREATED_DATE" NOT NULL ENABLE);
--------------------------------------------------------
--  Constraints for Table SALES_DATA
--------------------------------------------------------

  ALTER TABLE "SIVAACADEMY"."SALES_DATA" ADD PRIMARY KEY ("TRANSACTION_ID")
  USING INDEX PCTFREE 10 INITRANS 2 MAXTRANS 255 COMPUTE STATISTICS 
  STORAGE(INITIAL 65536 NEXT 1048576 MINEXTENTS 1 MAXEXTENTS 2147483645
  PCTINCREASE 0 FREELISTS 1 FREELIST GROUPS 1
  BUFFER_POOL DEFAULT FLASH_CACHE DEFAULT CELL_FLASH_CACHE DEFAULT)
  TABLESPACE "SIVATB"  ENABLE;
--------------------------------------------------------
--  Constraints for Table REGEXP_TAB
--------------------------------------------------------

  ALTER TABLE "SIVAACADEMY"."REGEXP_TAB" ADD PRIMARY KEY ("ID")
  USING INDEX PCTFREE 10 INITRANS 2 MAXTRANS 255 COMPUTE STATISTICS 
  STORAGE(INITIAL 65536 NEXT 1048576 MINEXTENTS 1 MAXEXTENTS 2147483645
  PCTINCREASE 0 FREELISTS 1 FREELIST GROUPS 1
  BUFFER_POOL DEFAULT FLASH_CACHE DEFAULT CELL_FLASH_CACHE DEFAULT)
  TABLESPACE "SIVATB"  ENABLE;
--------------------------------------------------------
--  Constraints for Table OTP_DETAILS
--------------------------------------------------------

  ALTER TABLE "SIVAACADEMY"."OTP_DETAILS" ADD PRIMARY KEY ("EMAIL")
  USING INDEX PCTFREE 10 INITRANS 2 MAXTRANS 255 COMPUTE STATISTICS 
  STORAGE(INITIAL 65536 NEXT 1048576 MINEXTENTS 1 MAXEXTENTS 2147483645
  PCTINCREASE 0 FREELISTS 1 FREELIST GROUPS 1
  BUFFER_POOL DEFAULT FLASH_CACHE DEFAULT CELL_FLASH_CACHE DEFAULT)
  TABLESPACE "SIVATB"  ENABLE;
--------------------------------------------------------
--  Constraints for Table EMP_DETAILS
--------------------------------------------------------

  ALTER TABLE "SIVAACADEMY"."EMP_DETAILS" ADD PRIMARY KEY ("ID")
  USING INDEX PCTFREE 10 INITRANS 2 MAXTRANS 255 COMPUTE STATISTICS 
  STORAGE(INITIAL 65536 NEXT 1048576 MINEXTENTS 1 MAXEXTENTS 2147483645
  PCTINCREASE 0 FREELISTS 1 FREELIST GROUPS 1
  BUFFER_POOL DEFAULT FLASH_CACHE DEFAULT CELL_FLASH_CACHE DEFAULT)
  TABLESPACE "SIVATB"  ENABLE;
--------------------------------------------------------
--  Constraints for Table ORDERS
--------------------------------------------------------

  ALTER TABLE "SIVAACADEMY"."ORDERS" ADD PRIMARY KEY ("O_ID")
  USING INDEX PCTFREE 10 INITRANS 2 MAXTRANS 255 COMPUTE STATISTICS 
  STORAGE(INITIAL 65536 NEXT 1048576 MINEXTENTS 1 MAXEXTENTS 2147483645
  PCTINCREASE 0 FREELISTS 1 FREELIST GROUPS 1
  BUFFER_POOL DEFAULT FLASH_CACHE DEFAULT CELL_FLASH_CACHE DEFAULT)
  TABLESPACE "SIVATB"  ENABLE;
--------------------------------------------------------
--  Constraints for Table EMPLOYEES
--------------------------------------------------------

  ALTER TABLE "SIVAACADEMY"."EMPLOYEES" MODIFY ("LAST_NAME" CONSTRAINT "EMP_LAST_NAME_NN" NOT NULL ENABLE);
  ALTER TABLE "SIVAACADEMY"."EMPLOYEES" MODIFY ("EMAIL" CONSTRAINT "EMP_EMAIL_NN" NOT NULL ENABLE);
  ALTER TABLE "SIVAACADEMY"."EMPLOYEES" MODIFY ("HIRE_DATE" CONSTRAINT "EMP_HIRE_DATE_NN" NOT NULL ENABLE);
  ALTER TABLE "SIVAACADEMY"."EMPLOYEES" MODIFY ("JOB_ID" CONSTRAINT "EMP_JOB_NN" NOT NULL ENABLE);
  ALTER TABLE "SIVAACADEMY"."EMPLOYEES" ADD CONSTRAINT "EMP_SALARY_MIN" CHECK (salary > 0) ENABLE;
  ALTER TABLE "SIVAACADEMY"."EMPLOYEES" ADD CONSTRAINT "EMP_EMAIL_UK" UNIQUE ("EMAIL")
  USING INDEX PCTFREE 10 INITRANS 2 MAXTRANS 255 COMPUTE STATISTICS 
  STORAGE(INITIAL 65536 NEXT 1048576 MINEXTENTS 1 MAXEXTENTS 2147483645
  PCTINCREASE 0 FREELISTS 1 FREELIST GROUPS 1
  BUFFER_POOL DEFAULT FLASH_CACHE DEFAULT CELL_FLASH_CACHE DEFAULT)
  TABLESPACE "SIVATB"  ENABLE;
  ALTER TABLE "SIVAACADEMY"."EMPLOYEES" ADD CONSTRAINT "EMP_EMP_ID_PK" PRIMARY KEY ("EMPLOYEE_ID")
  USING INDEX "SIVAACADEMY"."EMP_EMP_ID_PK"  ENABLE;
  ALTER TABLE "SIVAACADEMY"."EMPLOYEES" MODIFY ("CREATED_DATE" NOT NULL ENABLE);
--------------------------------------------------------
--  Constraints for Table JOBS
--------------------------------------------------------

  ALTER TABLE "SIVAACADEMY"."JOBS" MODIFY ("JOB_TITLE" CONSTRAINT "JOB_TITLE_NN" NOT NULL ENABLE);
  ALTER TABLE "SIVAACADEMY"."JOBS" ADD CONSTRAINT "JOB_ID_PK" PRIMARY KEY ("JOB_ID")
  USING INDEX "SIVAACADEMY"."JOB_ID_PK"  ENABLE;
--------------------------------------------------------
--  Constraints for Table MY_TUT52
--------------------------------------------------------

  ALTER TABLE "SIVAACADEMY"."MY_TUT52" ADD UNIQUE ("SUB_SCHEDULE_DAY") RELY
  USING INDEX PCTFREE 10 INITRANS 2 MAXTRANS 255 COMPUTE STATISTICS 
  STORAGE(INITIAL 65536 NEXT 1048576 MINEXTENTS 1 MAXEXTENTS 2147483645
  PCTINCREASE 0 FREELISTS 1 FREELIST GROUPS 1
  BUFFER_POOL DEFAULT FLASH_CACHE DEFAULT CELL_FLASH_CACHE DEFAULT)
  TABLESPACE "SIVATB"  ENABLE;
--------------------------------------------------------
--  Constraints for Table EMP
--------------------------------------------------------

  ALTER TABLE "SIVAACADEMY"."EMP" ADD CONSTRAINT "PK_EMP" PRIMARY KEY ("EMPNO")
  USING INDEX PCTFREE 10 INITRANS 2 MAXTRANS 255 COMPUTE STATISTICS 
  STORAGE(INITIAL 65536 NEXT 1048576 MINEXTENTS 1 MAXEXTENTS 2147483645
  PCTINCREASE 0 FREELISTS 1 FREELIST GROUPS 1
  BUFFER_POOL DEFAULT FLASH_CACHE DEFAULT CELL_FLASH_CACHE DEFAULT)
  TABLESPACE "SIVATB"  ENABLE;
--------------------------------------------------------
--  Constraints for Table COUNTRIES
--------------------------------------------------------

  ALTER TABLE "SIVAACADEMY"."COUNTRIES" MODIFY ("COUNTRY_ID" CONSTRAINT "COUNTRY_ID_NN" NOT NULL ENABLE);
  ALTER TABLE "SIVAACADEMY"."COUNTRIES" ADD CONSTRAINT "COUNTRY_C_ID_PK" PRIMARY KEY ("COUNTRY_ID")
  USING INDEX PCTFREE 10 INITRANS 2 MAXTRANS 255 COMPUTE STATISTICS 
  STORAGE(INITIAL 65536 NEXT 1048576 MINEXTENTS 1 MAXEXTENTS 2147483645
  PCTINCREASE 0 FREELISTS 1 FREELIST GROUPS 1
  BUFFER_POOL DEFAULT FLASH_CACHE DEFAULT CELL_FLASH_CACHE DEFAULT)
  TABLESPACE "SIVATB"  ENABLE;
--------------------------------------------------------
--  Ref Constraints for Table COUNTRIES
--------------------------------------------------------

  ALTER TABLE "SIVAACADEMY"."COUNTRIES" ADD CONSTRAINT "COUNTR_REG_FK" FOREIGN KEY ("REGION_ID")
	  REFERENCES "SIVAACADEMY"."REGIONS" ("REGION_ID") ENABLE;
--------------------------------------------------------
--  Ref Constraints for Table DEPARTMENTS
--------------------------------------------------------

  ALTER TABLE "SIVAACADEMY"."DEPARTMENTS" ADD CONSTRAINT "DEPT_LOC_FK" FOREIGN KEY ("LOCATION_ID")
	  REFERENCES "SIVAACADEMY"."LOCATIONS" ("LOCATION_ID") ENABLE;
  ALTER TABLE "SIVAACADEMY"."DEPARTMENTS" ADD CONSTRAINT "DEPT_MGR_FK" FOREIGN KEY ("MANAGER_ID")
	  REFERENCES "SIVAACADEMY"."EMPLOYEES" ("EMPLOYEE_ID") ENABLE;
--------------------------------------------------------
--  Ref Constraints for Table EMP
--------------------------------------------------------

  ALTER TABLE "SIVAACADEMY"."EMP" ADD CONSTRAINT "FK_DEPTNO" FOREIGN KEY ("DEPTNO")
	  REFERENCES "SIVAACADEMY"."DEPT" ("DEPTNO") ENABLE;
--------------------------------------------------------
--  Ref Constraints for Table EMPLOYEES
--------------------------------------------------------

  ALTER TABLE "SIVAACADEMY"."EMPLOYEES" ADD CONSTRAINT "EMP_DEPT_FK" FOREIGN KEY ("DEPARTMENT_ID")
	  REFERENCES "SIVAACADEMY"."DEPARTMENTS" ("DEPARTMENT_ID") ENABLE;
  ALTER TABLE "SIVAACADEMY"."EMPLOYEES" ADD CONSTRAINT "EMP_JOB_FK" FOREIGN KEY ("JOB_ID")
	  REFERENCES "SIVAACADEMY"."JOBS" ("JOB_ID") ENABLE;
  ALTER TABLE "SIVAACADEMY"."EMPLOYEES" ADD CONSTRAINT "EMP_MANAGER_FK" FOREIGN KEY ("MANAGER_ID")
	  REFERENCES "SIVAACADEMY"."EMPLOYEES" ("EMPLOYEE_ID") ENABLE;
--------------------------------------------------------
--  Ref Constraints for Table JOB_HISTORY
--------------------------------------------------------

  ALTER TABLE "SIVAACADEMY"."JOB_HISTORY" ADD CONSTRAINT "JHIST_JOB_FK" FOREIGN KEY ("JOB_ID")
	  REFERENCES "SIVAACADEMY"."JOBS" ("JOB_ID") ENABLE;
  ALTER TABLE "SIVAACADEMY"."JOB_HISTORY" ADD CONSTRAINT "JHIST_EMP_FK" FOREIGN KEY ("EMPLOYEE_ID")
	  REFERENCES "SIVAACADEMY"."EMPLOYEES" ("EMPLOYEE_ID") ENABLE;
  ALTER TABLE "SIVAACADEMY"."JOB_HISTORY" ADD CONSTRAINT "JHIST_DEPT_FK" FOREIGN KEY ("DEPARTMENT_ID")
	  REFERENCES "SIVAACADEMY"."DEPARTMENTS" ("DEPARTMENT_ID") ENABLE;
--------------------------------------------------------
--  Ref Constraints for Table LOCATIONS
--------------------------------------------------------

  ALTER TABLE "SIVAACADEMY"."LOCATIONS" ADD CONSTRAINT "LOC_C_ID_FK" FOREIGN KEY ("COUNTRY_ID")
	  REFERENCES "SIVAACADEMY"."COUNTRIES" ("COUNTRY_ID") ENABLE;
--------------------------------------------------------
--  Ref Constraints for Table ORDERS
--------------------------------------------------------

  ALTER TABLE "SIVAACADEMY"."ORDERS" ADD CONSTRAINT "FK_CUST" FOREIGN KEY ("CUST_ID")
	  REFERENCES "SIVAACADEMY"."CUSTOMER" ("CUST_ID") ENABLE;
